# ************************************************************
# Sequel Pro SQL dump
# Version 4541
#
# http://www.sequelpro.com/
# https://github.com/sequelpro/sequelpro
#
# Host: 127.0.0.1 (MySQL 5.6.30)
# Database: baseframe
# Generation Time: 2019-07-12 05:54:35 +0000
# ************************************************************


/*!40101 SET @OLD_CHARACTER_SET_CLIENT=@@CHARACTER_SET_CLIENT */;
/*!40101 SET @OLD_CHARACTER_SET_RESULTS=@@CHARACTER_SET_RESULTS */;
/*!40101 SET @OLD_COLLATION_CONNECTION=@@COLLATION_CONNECTION */;
/*!40101 SET NAMES utf8 */;
/*!40014 SET @OLD_FOREIGN_KEY_CHECKS=@@FOREIGN_KEY_CHECKS, FOREIGN_KEY_CHECKS=0 */;
/*!40101 SET @OLD_SQL_MODE=@@SQL_MODE, SQL_MODE='NO_AUTO_VALUE_ON_ZERO' */;
/*!40111 SET @OLD_SQL_NOTES=@@SQL_NOTES, SQL_NOTES=0 */;


# Dump of table monitor
# ------------------------------------------------------------

DROP TABLE IF EXISTS `monitor`;

CREATE TABLE `monitor` (
  `id` varchar(64) NOT NULL DEFAULT '' COMMENT '主键',
  `cpu` varchar(64) DEFAULT NULL COMMENT 'cpu使用率',
  `jvm` varchar(64) DEFAULT NULL COMMENT 'jvm使用率',
  `ram` varchar(64) DEFAULT NULL COMMENT '内存使用率',
  `toemail` varchar(64) DEFAULT NULL COMMENT '警告通知邮箱',
  PRIMARY KEY (`id`)
) ENGINE=InnoDB DEFAULT CHARSET=latin1 COMMENT='系统监控';

LOCK TABLES `monitor` WRITE;
/*!40000 ALTER TABLE `monitor` DISABLE KEYS */;

INSERT INTO `monitor` (`id`, `cpu`, `jvm`, `ram`, `toemail`)
VALUES
	('1','99','99','99','test@qq.com');

/*!40000 ALTER TABLE `monitor` ENABLE KEYS */;
UNLOCK TABLES;


# Dump of table oa_notify
# ------------------------------------------------------------

DROP TABLE IF EXISTS `oa_notify`;

CREATE TABLE `oa_notify` (
  `id` varchar(64) NOT NULL COMMENT '编号',
  `type` char(1) DEFAULT NULL COMMENT '类型',
  `title` varchar(200) DEFAULT NULL COMMENT '标题',
  `content` varchar(2000) DEFAULT NULL COMMENT '内容',
  `files` varchar(2000) DEFAULT NULL COMMENT '附件',
  `status` char(1) DEFAULT NULL COMMENT '状态',
  `create_by` varchar(64) NOT NULL COMMENT '创建者',
  `create_date` datetime NOT NULL COMMENT '创建时间',
  `update_by` varchar(64) NOT NULL COMMENT '更新者',
  `update_date` datetime NOT NULL COMMENT '更新时间',
  `remarks` varchar(255) DEFAULT NULL COMMENT '备注信息',
  `del_flag` char(1) NOT NULL DEFAULT '0' COMMENT '删除标记',
  PRIMARY KEY (`id`),
  KEY `oa_notify_del_flag` (`del_flag`)
) ENGINE=InnoDB DEFAULT CHARSET=utf8 COMMENT='通知通告';

LOCK TABLES `oa_notify` WRITE;
/*!40000 ALTER TABLE `oa_notify` DISABLE KEYS */;

INSERT INTO `oa_notify` (`id`, `type`, `title`, `content`, `files`, `status`, `create_by`, `create_date`, `update_by`, `update_date`, `remarks`, `del_flag`)
VALUES
	('0191c8b6b276404881679e570778047e','2','11','11','|/msframe/userfiles/1/files/oa/notify/2015/12/a1.jpg','1','1','2015-12-29 21:25:14','1','2015-12-29 21:25:14',NULL,'0'),
	('03da36624829477493bfc949f22efdec','2','erere','222222222222332','|/HeartCare/userfiles/1/files/oa/notify/2015/10/profile_small.jpg','1','1','2015-10-30 18:43:38','1','2015-10-30 18:43:38',NULL,'1'),
	('07faef27eb744abe9b9d247a9b0765da','1','22','222','','1','1','2015-11-03 14:19:09','1','2015-11-03 14:19:09',NULL,'1'),
	('0f0f932cdbc14629aa94aba0bb333a06','2','test','weew','','1','1','2015-11-02 16:13:09','1','2015-11-02 16:13:09',NULL,'1'),
	('13d61fb791e64f41b94e856c3c446c1d','2','1212','12121','','1','1','2015-11-05 10:50:45','1','2015-11-05 10:50:45',NULL,'1'),
	('14535c661515479f954cf3a192a6329f','2','222','22','','1','1','2015-12-01 10:35:06','1','2015-12-01 10:35:06',NULL,'0'),
	('1a3428088ad347269b52ed50dfcb81c9','2','ewww','wew','','1','1','2015-11-04 10:53:34','1','2015-11-04 10:53:34',NULL,'1'),
	('1e4f735c49a844c6be507572a94d1bb1','','','','',NULL,'1','2015-11-03 15:19:35','1','2015-11-03 15:19:35',NULL,'1'),
	('2055ff60abd4465c9d3c0934a2c43ba9','2','2121','212121','','1','1','2015-11-05 10:50:58','1','2015-11-05 10:50:58',NULL,'1'),
	('227b389e540f4beb85a4448e00beac5d','1','ss','ssss','|/HeartCare/userfiles/1/files/oa/notify/2015/10/profile_small.jpg','1','1','2015-11-03 16:25:53','1','2015-11-03 16:25:53',NULL,'1'),
	('2757b0387e6c4449b3bac78ced1abf58','2','e4re','e3434343','','1','1','2015-11-02 11:12:29','1','2015-11-02 11:12:29',NULL,'1'),
	('28d2622a6e0a4ab485e1c082d30c75ef','2','22','222','','1','1','2015-11-03 14:24:19','1','2015-11-03 14:38:56',NULL,'1'),
	('2b14a498414b44778cc100c2032e2c5a','1','test','test','|/msframe/userfiles/1/files/oa/notify/2015/12/a1.jpg','0','1','2015-12-29 21:20:33','1','2015-12-29 21:20:33',NULL,'0'),
	('393f25fd98c34992bcc72eea2929ea63','2','test','sss','','1','1','2015-11-24 16:56:00','1','2015-11-24 16:56:28',NULL,'0'),
	('39de39ff1ab74233bce9c5a913af2c9c','2','test','223','','1','1','2015-11-02 16:12:08','1','2015-11-02 16:12:08',NULL,'1'),
	('4226f5d40009414d854569158e5bcc44','1','444','4444','','0','1','2015-11-15 10:45:30','1','2015-11-15 10:45:30',NULL,'1'),
	('46a635664fb5420ea1aa533969a08301','2','test','121212121','','1','1','2015-11-02 11:37:02','1','2015-11-02 11:37:02',NULL,'1'),
	('48e71d295aed4d1c94eced78488abce1','2','sss','ssswwww','','1','1','2015-11-03 12:04:56','1','2015-11-03 12:04:56',NULL,'1'),
	('4e5f48bc8efe4ef3806bd6da18dccc57','2','Highcharts Demo','pp','','1','1','2015-11-02 14:17:27','1','2015-11-02 14:17:27',NULL,'1'),
	('522ca59deba34f268077efd3c439eb3d','1','test','twtw','','1','1','2016-01-13 23:34:33','1','2016-01-13 23:34:33',NULL,'0'),
	('530b93241fc9479f9c6bbadb32b65149','3','test','12345677','','1','1','2015-11-02 11:19:38','1','2015-11-02 11:19:38',NULL,'1'),
	('5eb0dfee1de948348bbf7663c7c81854','2','www','weewew','','1','1','2015-11-03 18:41:03','1','2015-11-03 18:41:03',NULL,'1'),
	('69abb236d4a44bd3bb31cfedf273c031','1','99','99','','1','1','2015-11-15 08:32:17','1','2015-11-15 09:41:37',NULL,'1'),
	('7fe83bb7ca9a413bb37acac91215ea16','3','eee','45454','','1','1','2015-11-02 11:12:14','1','2015-11-02 11:12:14',NULL,'1'),
	('88d32ebd5a5944ec92ebdf99cc00d356','3','wewe','wewew','','1','1','2015-11-03 18:41:13','1','2015-11-03 18:41:13',NULL,'1'),
	('8a14c7e5c5e2486ea004765160ee1324','1','test','232','|/msframe/userfiles/1/files/oa/notify/2015/12/a1.jpg','0','1','2015-12-29 21:19:24','8b454376c0434e2792a1dc57edf80dbd','2015-12-30 20:09:23',NULL,'0'),
	('8ae80eff98be40aa9acdd2a01e6920ef','1','tew','sss','','1','1','2015-11-03 18:40:30','1','2015-11-03 18:40:30',NULL,'1'),
	('8d67574047ed4d7790381fb5fc4019a8','2','test','sfssf','','1','1','2015-11-02 18:38:57','1','2015-11-02 18:38:57',NULL,'1'),
	('958a69bb33e54832b049f5e17bd9bbd3','','','','',NULL,'1','2015-11-03 14:21:06','1','2015-11-03 14:21:06',NULL,'1'),
	('9b73f6e4d0ae4d23b1d98f4f8ca6873a','3','免费体检了','sss','','1','1','2015-10-30 14:48:19','1','2015-10-30 14:48:19',NULL,'1'),
	('c00f8c9d385042949724953f9a5faed9','1','大家头注意了','哈哈哈哈','|/HeartCare/userfiles/1/files/oa/notify/2015/10/profile_small.jpg','1','1','2015-10-30 14:25:43','1','2015-10-30 14:25:43',NULL,'1'),
	('c3ac32da72644cd0805fa663bed26edf','1','test','ssss','','0','1','2015-11-15 18:04:49','1','2015-11-15 19:35:17',NULL,'0'),
	('c76b572ff8884896a16a42c08ff2da95','2','343','3434334','','1','1','2015-11-02 11:33:37','1','2015-11-02 11:33:37',NULL,'1'),
	('cc4ca4ce262247adb662c3ce2631a1db','2','test','23232','','1','1','2015-11-02 16:14:25','1','2015-11-02 16:14:25',NULL,'1'),
	('cd96f7d2cffe4c268e1fe8b93940f97a','2','888','48558','','1','1','2015-11-02 11:21:59','1','2015-11-02 11:21:59',NULL,'1'),
	('d59f683455884cd18d412879d6f9d042','1','22','22','|/HeartCare/userfiles/1/files/oa/notify/2015/10/profile_small.jpg','1','1','2015-11-05 17:14:27','1','2015-11-05 17:14:27',NULL,'1'),
	('dba81703f6874b82935ca389317d6d19','2','wwww','wwww','','1','1','2015-11-03 18:40:45','1','2015-11-03 18:40:45',NULL,'1'),
	('e2ae2d875fda4f0d9e9db79954c05834','1','111','11','','1','1','2015-11-05 10:50:30','1','2015-11-05 10:50:30',NULL,'1'),
	('e422136885a3473aa85f9f0749c75a78','1','test','sssssssssss','','0','1','2015-11-05 16:46:24','1','2015-11-05 16:46:24',NULL,'1'),
	('e48bb0cd337947dcad57ed1ba5036c0a','3','wewew','ewewew','','1','1','2015-11-03 18:41:23','1','2015-11-03 18:41:23',NULL,'1'),
	('f0dff7a394e34f82a78a510fd0ceac02','1','明天开会','大家都要到哦','|/msframe/userfiles/1/files/oa/notify/2015/12/a1.jpg','1','1','2015-12-30 19:29:25','1','2015-12-30 19:29:25',NULL,'0'),
	('f3b7b7409d6642ac9e1249011915b65f','3','4444','444','|/HeartCare/userfiles/1/files/oa/notify/2015/10/profile_small.jpg','1','1','2015-10-30 18:15:00','1','2015-10-30 18:15:00',NULL,'1'),
	('f6781437795d48e5a74d6d43828208b0','1','11','111','','0','1','2015-11-15 10:40:04','1','2015-11-15 10:40:04',NULL,'1');

/*!40000 ALTER TABLE `oa_notify` ENABLE KEYS */;
UNLOCK TABLES;


# Dump of table oa_notify_record
# ------------------------------------------------------------

DROP TABLE IF EXISTS `oa_notify_record`;

CREATE TABLE `oa_notify_record` (
  `id` varchar(64) NOT NULL COMMENT '编号',
  `oa_notify_id` varchar(64) DEFAULT NULL COMMENT '通知通告ID',
  `user_id` varchar(64) DEFAULT NULL COMMENT '接受人',
  `read_flag` char(1) DEFAULT '0' COMMENT '阅读标记',
  `read_date` date DEFAULT NULL COMMENT '阅读时间',
  PRIMARY KEY (`id`),
  KEY `oa_notify_record_notify_id` (`oa_notify_id`),
  KEY `oa_notify_record_user_id` (`user_id`),
  KEY `oa_notify_record_read_flag` (`read_flag`)
) ENGINE=InnoDB DEFAULT CHARSET=utf8 COMMENT='通知通告发送记录';

LOCK TABLES `oa_notify_record` WRITE;
/*!40000 ALTER TABLE `oa_notify_record` DISABLE KEYS */;

INSERT INTO `oa_notify_record` (`id`, `oa_notify_id`, `user_id`, `read_flag`, `read_date`)
VALUES
	('002bdb88f7034cc1b847d7630cfd87c7','51649ecc4891453886fe523ff106ca8b','da60c61cf2aa4cb2810c629c7045c538','0',NULL),
	('0041be7b4c3b4f479caff6f818f3fde8','28d2622a6e0a4ab485e1c082d30c75ef','3','0',NULL),
	('0074402a7d784dee976dcb100dceffd3','1a3428088ad347269b52ed50dfcb81c9','12','0',NULL),
	('00d728f3ec1a452bbe2df993d699e60e','88d32ebd5a5944ec92ebdf99cc00d356','5','0',NULL),
	('01632d2547ab4f80baddc7dc53b9befe','dba81703f6874b82935ca389317d6d19','9','0',NULL),
	('01d6d6d480234c5682bcc80489bbd708','51649ecc4891453886fe523ff106ca8b','95b3b09fa0b34ac6b95907237c744c55','0',NULL),
	('01d7b8665dd6440081e7dd1377a5c9fb','e48bb0cd337947dcad57ed1ba5036c0a','6','0',NULL),
	('01dbbe02d9e44fdaa290ef6ce6168054','e2ae2d875fda4f0d9e9db79954c05834','7','0',NULL),
	('0202582ac32b4789a337141e6dae73f6','f0dff7a394e34f82a78a510fd0ceac02','4639f877ec7149258cadcf145b4182a7','0',NULL),
	('027d8a82bd4840819033317d7a42d883','393f25fd98c34992bcc72eea2929ea63','8','0',NULL),
	('0358141106354561bb7994d6fd380a90','f0dff7a394e34f82a78a510fd0ceac02','d42378c9621b4551a0c4c63c82f0aa33','0',NULL),
	('038223843d01450c926718f54606521f','c76b572ff8884896a16a42c08ff2da95','12','0',NULL),
	('038656c834ee4ff1ad62daef6ce8951e','69abb236d4a44bd3bb31cfedf273c031','12','0',NULL),
	('03ca06eaf18d4bfb9fca532810f264c1','fcdd1348b7644afea196695b1eede954','1','1','2015-12-29'),
	('041cb519bcfa45909123ff46ba3aabe3','51649ecc4891453886fe523ff106ca8b','6474fda3f35c4d1580b646a42f190cf7','0',NULL),
	('045784a1f76343169e45a9b539c54104','cc4ca4ce262247adb662c3ce2631a1db','12','0',NULL),
	('04881ba7acbd4164b0fa10e06be65b71','cd96f7d2cffe4c268e1fe8b93940f97a','6','0',NULL),
	('04c81e9a36984ec79129c81123a1e82e','8d67574047ed4d7790381fb5fc4019a8','1','1','2015-11-03'),
	('05c47727d8fc418f9cd360c43f35e666','9b73f6e4d0ae4d23b1d98f4f8ca6873a','11','0',NULL),
	('06257bc4ee7146f0a5b08f4af74ad8de','c76b572ff8884896a16a42c08ff2da95','7','0',NULL),
	('06668825592a4482b37b645110882978','c76b572ff8884896a16a42c08ff2da95','2','0',NULL),
	('06f5597b46454640be6ab03d2388de37','f3b7b7409d6642ac9e1249011915b65f','9','0',NULL),
	('08ae96cd9c8b459680aa77b1d884490d','c3ac32da72644cd0805fa663bed26edf','10','0',NULL),
	('08bf727263d0463ea0abfefe85dc2385','69abb236d4a44bd3bb31cfedf273c031','10','0',NULL),
	('08c09163d4964e8f8d07390f095e0032','0191c8b6b276404881679e570778047e','5ad0d1f9efdc44b481b02c26b67e832e','0',NULL),
	('08e25250a0564623a8e74de3c51689f9','0191c8b6b276404881679e570778047e','f12330474f634e2897878e8f56a910ae','0',NULL),
	('08f7a46ee7ba4da9be3fe643b8060fba','cc4ca4ce262247adb662c3ce2631a1db','7','0',NULL),
	('0922e5321bc941718b8355ea753ad969','fcdd1348b7644afea196695b1eede954','5091ca619fbf49209bce020859103ba5','0',NULL),
	('0a046837ce4c4ba39a72244f54deff9d','8a14c7e5c5e2486ea004765160ee1324','bb81a0c098a444e69028380e80852d91','0',NULL),
	('0a5af3f03f914fd6b6c2b5188b5ee642','f0dff7a394e34f82a78a510fd0ceac02','f12330474f634e2897878e8f56a910ae','0',NULL),
	('0a7d27288af14b45aa0deceb80227d4b','e2ae2d875fda4f0d9e9db79954c05834','11','0',NULL),
	('0af491ed432642838bc76ff798e854b1','fcdd1348b7644afea196695b1eede954','dc9663e71aaa42f0a2634770896ec74c','0',NULL),
	('0b21cfe6d24e40c685b41a865c596910','cc4ca4ce262247adb662c3ce2631a1db','10','0',NULL),
	('0b5c07cbeb754e2996369c1616749dde','14535c661515479f954cf3a192a6329f','2','0',NULL),
	('0b683a9665fd4f01b80171d4f6b509f3','51649ecc4891453886fe523ff106ca8b','5091ca619fbf49209bce020859103ba5','0',NULL),
	('0b8838f612fc46688b9ae943bcea1c62','530b93241fc9479f9c6bbadb32b65149','12','0',NULL),
	('0b8e0769f72c4493949e4f897eb5774a','39de39ff1ab74233bce9c5a913af2c9c','2','0',NULL),
	('0baac962368746c898bd6275b51915fb','4226f5d40009414d854569158e5bcc44','9','0',NULL),
	('0cab13f7146a46d7b238329cf719b49f','638da80f1e8f4fc28c421d8febc9a7fe','6474fda3f35c4d1580b646a42f190cf7','0',NULL),
	('0cbd421f7e2a450bbadbc803f9085d12','e422136885a3473aa85f9f0749c75a78','4','0',NULL),
	('0d2f34662b8046fd95f59d53ce5fa427','8d67574047ed4d7790381fb5fc4019a8','10','0',NULL),
	('0d700de7577d4d28b0c501911024bead','fcdd1348b7644afea196695b1eede954','95b3b09fa0b34ac6b95907237c744c55','0',NULL),
	('0d9c3f21a72a4f639b4dd42b9567f1b4','d59f683455884cd18d412879d6f9d042','6','0',NULL),
	('0da7d0df28ad470aaff6d306fd82114f','4226f5d40009414d854569158e5bcc44','7','0',NULL),
	('0e19ddf40c9d4cb5840907aac2a97a84','f6781437795d48e5a74d6d43828208b0','12','0',NULL),
	('0f176f91728e4e019ea0aaf80ab6b967','638da80f1e8f4fc28c421d8febc9a7fe','dc9663e71aaa42f0a2634770896ec74c','0',NULL),
	('0f86f1f0ff254a158f1288e19b55cd2b','03da36624829477493bfc949f22efdec','7','0',NULL),
	('108ffa30c07b46d5b8250bec4c26d864','c00f8c9d385042949724953f9a5faed9','5','0',NULL),
	('11359bebb9a544e8a50c6f16c1dfbcb0','0f0f932cdbc14629aa94aba0bb333a06','1','0',NULL),
	('1197d0ed166b4d8bb54e09adf588fa03','393f25fd98c34992bcc72eea2929ea63','11','0',NULL),
	('11f80d4af550427689d8a71ef8794470','14535c661515479f954cf3a192a6329f','10','0',NULL),
	('1238622f71f644a9958ff2044ceb79da','8a14c7e5c5e2486ea004765160ee1324','5ad0d1f9efdc44b481b02c26b67e832e','0',NULL),
	('1256754d81c34892b1098c358eeb756a','e48bb0cd337947dcad57ed1ba5036c0a','10','0',NULL),
	('127000ca70ae4b2eb1486657d6141568','e48bb0cd337947dcad57ed1ba5036c0a','3','0',NULL),
	('127bfde828994fc1b5f43a847ab1f04b','dba81703f6874b82935ca389317d6d19','2','0',NULL),
	('12d06baa2eaa4d04aa3334043a5a7e6f','48e71d295aed4d1c94eced78488abce1','1','1','2015-11-03'),
	('12fcbea705f44851ab279fee5b9e4276','0191c8b6b276404881679e570778047e','d42378c9621b4551a0c4c63c82f0aa33','0',NULL),
	('138c5375cfdb4dd3821bfb298a8c4989','227b389e540f4beb85a4448e00beac5d','5','0',NULL),
	('1499bcad78f74b588c60bd71872d8add','7fe83bb7ca9a413bb37acac91215ea16','8','0',NULL),
	('14b08b78d3b84a7ca356b27dbada4ed6','d59f683455884cd18d412879d6f9d042','7','0',NULL),
	('14b9a4e9a0934926be7048b41fe70c76','8a14c7e5c5e2486ea004765160ee1324','9','0',NULL),
	('151452421ba4400a83e42091f863fc77','522ca59deba34f268077efd3c439eb3d','dc9663e71aaa42f0a2634770896ec74c','0',NULL),
	('1528f7b583d14f11b68771e4c7b9558c','48e71d295aed4d1c94eced78488abce1','12','0',NULL),
	('1548aac269f44763b2f6f24edf7583a5','c3ac32da72644cd0805fa663bed26edf','da60c61cf2aa4cb2810c629c7045c538','0',NULL),
	('1561a460eb7c4a029122924f219b232b','5eb0dfee1de948348bbf7663c7c81854','8','0',NULL),
	('15993d63c42e45919dc738f7678fc5de','cd96f7d2cffe4c268e1fe8b93940f97a','2','0',NULL),
	('159f61bfeff1471dbb438cb971409f30','8ae80eff98be40aa9acdd2a01e6920ef','7','0',NULL),
	('15fa380af80643249ddfcda43233a42b','c76b572ff8884896a16a42c08ff2da95','13','0',NULL),
	('16627ce05e6740d194c288f58d67d878','9b73f6e4d0ae4d23b1d98f4f8ca6873a','12','0',NULL),
	('167b4a5b2dc5438e8c40f298170c0d9f','4e5f48bc8efe4ef3806bd6da18dccc57','1','1','2015-11-02'),
	('16f70a76e63f4750a66b119a43c7b8bf','8a14c7e5c5e2486ea004765160ee1324','7','0',NULL),
	('183e673f686e4eac88928d098fa29738','4e5f48bc8efe4ef3806bd6da18dccc57','11','0',NULL),
	('1901788f02bd412fb55cc4077cfe2185','e48bb0cd337947dcad57ed1ba5036c0a','9','0',NULL),
	('1a0e250074484b02a749934432fdb6bb','5eb0dfee1de948348bbf7663c7c81854','5','0',NULL),
	('1bf0fb492b874ae098e603849d9d39b6','522ca59deba34f268077efd3c439eb3d','bb81a0c098a444e69028380e80852d91','0',NULL),
	('1c1e2da9540e4f24aecbb9dc2c9050ad','4226f5d40009414d854569158e5bcc44','6','0',NULL),
	('1d318d0b5f5f452a87c70f05655f5f7a','2757b0387e6c4449b3bac78ced1abf58','4','0',NULL),
	('1fb07a1cc1f644fc887170a1e285413a','530b93241fc9479f9c6bbadb32b65149','13','0',NULL),
	('1fc0153eeea74403acd926cbbf5a5282','522ca59deba34f268077efd3c439eb3d','19e655ebcd844747aa0e46efe9870169','0',NULL),
	('20101e45b87143b78054b1111e24b9e4','2055ff60abd4465c9d3c0934a2c43ba9','6','0',NULL),
	('217c236ddcfd4dba94653787c845d43e','530b93241fc9479f9c6bbadb32b65149','10','0',NULL),
	('21c357badd834c2db21549d46e9a9fdd','46a635664fb5420ea1aa533969a08301','3','0',NULL),
	('21f4dcdea15e467aa1f523316084a22f','0f0f932cdbc14629aa94aba0bb333a06','13','0',NULL),
	('22464a7fa54a48f5a9e74da1d9d3cdc2','e48bb0cd337947dcad57ed1ba5036c0a','1','1','2015-11-04'),
	('22b99ef8a77f4c70b45aa76a946cc1f3','9b73f6e4d0ae4d23b1d98f4f8ca6873a','7','0',NULL),
	('237577173ce04db38053a92a00888f58','13d61fb791e64f41b94e856c3c446c1d','6','0',NULL),
	('23c50ce7e5524bdea69bd0d7667ec924','522ca59deba34f268077efd3c439eb3d','7','0',NULL),
	('2439587f5ae44f30875e35b747d6bf4f','f6781437795d48e5a74d6d43828208b0','7','0',NULL),
	('2449319c22524954aa979965a97d711e','13d61fb791e64f41b94e856c3c446c1d','8','0',NULL),
	('25ca5042702749a5b152d45315c23128','69abb236d4a44bd3bb31cfedf273c031','2','0',NULL),
	('25eeb515142d4dfdacc68588f9aaab6e','530b93241fc9479f9c6bbadb32b65149','9','0',NULL),
	('268c6f9c90c4412da5f8100ff0ac4419','28d2622a6e0a4ab485e1c082d30c75ef','5','0',NULL),
	('269d16f7aba2448ca85fc839bddeb5aa','5eb0dfee1de948348bbf7663c7c81854','1','0',NULL),
	('26a1c2e51b9b49e2a9c4f6898620401d','f0dff7a394e34f82a78a510fd0ceac02','5091ca619fbf49209bce020859103ba5','0',NULL),
	('27420747148d486a83e0c97a510cf621','51649ecc4891453886fe523ff106ca8b','eca1a51b803449d59ce4e2a3b0f4f787','0',NULL),
	('27733aeefa474df1b45cf257d458d21b','39de39ff1ab74233bce9c5a913af2c9c','6','0',NULL),
	('279edd0668bf48419a5c7920f443b4e7','cd96f7d2cffe4c268e1fe8b93940f97a','1','1','2015-11-02'),
	('27a5b1b79c3b4340a11560ed248d3848','f0dff7a394e34f82a78a510fd0ceac02','d8de25a1f872404e82f669c04091685e','0',NULL),
	('2897158b700f47c5a888a75b7cfd34f4','f0dff7a394e34f82a78a510fd0ceac02','5ad0d1f9efdc44b481b02c26b67e832e','0',NULL),
	('2970f13622244ad5abf8950642d5dd9c','8d67574047ed4d7790381fb5fc4019a8','11','0',NULL),
	('29f23238716946768c4601a72fddcd9f','28d2622a6e0a4ab485e1c082d30c75ef','6','0',NULL),
	('2a3b020701644609844aed49d076a633','fcdd1348b7644afea196695b1eede954','42f5435f943a4e8cbcd86ec07b1d922a','0',NULL),
	('2a4b18269a21439e8a901dbaf19c040a','1a3428088ad347269b52ed50dfcb81c9','8','0',NULL),
	('2a6d81a28793421c92c8a43fee13b34f','e422136885a3473aa85f9f0749c75a78','9','0',NULL),
	('2a747d071f46478cb92696017e5a1f66','d59f683455884cd18d412879d6f9d042','8','0',NULL),
	('2aa59f1aef3a45a28dd8981cae3fdd26','393f25fd98c34992bcc72eea2929ea63','a91be50880744e4787a77e0f97f8dbb5','0',NULL),
	('2ba82910271b405d9b30a2af886282b9','e48bb0cd337947dcad57ed1ba5036c0a','13','0',NULL),
	('2c65cb7c19894f30afa5e5f5823a9cb4','c00f8c9d385042949724953f9a5faed9','6','0',NULL),
	('2c82ea48eb3342778fe98e6ed4e0e1d3','dba81703f6874b82935ca389317d6d19','3','0',NULL),
	('2d1d2c74d1f04089abff3584e240f7ce','5eb0dfee1de948348bbf7663c7c81854','9','0',NULL),
	('2daf8925d62f4f3e8065d4cad373fb1b','0191c8b6b276404881679e570778047e','d8de25a1f872404e82f669c04091685e','0',NULL),
	('2e02843ebc4445ea88cfc3849051c212','393f25fd98c34992bcc72eea2929ea63','9','0',NULL),
	('2e793dcd78484727aff7f316eddef1bf','88d32ebd5a5944ec92ebdf99cc00d356','2','0',NULL),
	('2e7e88746e7f4964acbfe18b03c768b7','2b14a498414b44778cc100c2032e2c5a','5ad0d1f9efdc44b481b02c26b67e832e','0',NULL),
	('2e8539e546414258a957a6b6381ba2cf','0191c8b6b276404881679e570778047e','eca1a51b803449d59ce4e2a3b0f4f787','0',NULL),
	('2f11d95edf194079a54431cc532e49be','51649ecc4891453886fe523ff106ca8b','8b454376c0434e2792a1dc57edf80dbd','0',NULL),
	('2f6398d02add49d3b6b7f5f95c0c76e9','8a14c7e5c5e2486ea004765160ee1324','5091ca619fbf49209bce020859103ba5','0',NULL),
	('2ff4d2f6c67442a49ee0d2aa3b7428ca','69abb236d4a44bd3bb31cfedf273c031','6d69972a880f4228b88f28254c3e417e','0',NULL),
	('2ffe4f7f7b6a4c7a8a82a4e9de42b4b8','0f0f932cdbc14629aa94aba0bb333a06','3','0',NULL),
	('3020be690bc844b9b9e35318ff3a1687','e422136885a3473aa85f9f0749c75a78','11','0',NULL),
	('311da526bea74230b30d5c55b8104bb7','f0dff7a394e34f82a78a510fd0ceac02','3f7ef2d4761f445e946413ab9bea23db','0',NULL),
	('317cf30ce990477e828ea3751f451d96','14535c661515479f954cf3a192a6329f','a91be50880744e4787a77e0f97f8dbb5','0',NULL),
	('32345dd46c454886895cccee8d8f751f','2757b0387e6c4449b3bac78ced1abf58','3','0',NULL),
	('32901be5326240d682547e52d59f1e10','f0dff7a394e34f82a78a510fd0ceac02','8b454376c0434e2792a1dc57edf80dbd','1','2015-12-30'),
	('338798d1b703474f9bbfd8553d3f19ba','51649ecc4891453886fe523ff106ca8b','1','1','2015-12-29'),
	('33e464651eaf48c3bb59c1c7cc21cebf','03da36624829477493bfc949f22efdec','5','0',NULL),
	('3418319ca4ac4b578ffe35fbe2cd7a62','522ca59deba34f268077efd3c439eb3d','d8de25a1f872404e82f669c04091685e','0',NULL),
	('341e0fdecb1c4f4ea068022b00bb895d','e2ae2d875fda4f0d9e9db79954c05834','1','0',NULL),
	('343004d7fd7945dd976d1a2cf4a8fe30','e422136885a3473aa85f9f0749c75a78','7','0',NULL),
	('3461e1303b8a4354880699d5a3ee5375','39de39ff1ab74233bce9c5a913af2c9c','10','0',NULL),
	('353b4871cf0d4617a25144f422f013c0','8ae80eff98be40aa9acdd2a01e6920ef','4','0',NULL),
	('35b746552e4a4f09909764f48fb1c60f','4e5f48bc8efe4ef3806bd6da18dccc57','8','0',NULL),
	('35c1bf047c6e4a4290f960cbdb94def1','2757b0387e6c4449b3bac78ced1abf58','13','0',NULL),
	('3615368d503f42c484f2c1ce2a07dc9f','8a14c7e5c5e2486ea004765160ee1324','6474fda3f35c4d1580b646a42f190cf7','0',NULL),
	('361ec31d41124d1cab915e5ec0b6b8c2','530b93241fc9479f9c6bbadb32b65149','5','0',NULL),
	('36be1372b7724a8a98446e9bab4e8036','2b14a498414b44778cc100c2032e2c5a','5091ca619fbf49209bce020859103ba5','0',NULL),
	('36d7f28ceed64c7d909865591ec52776','d59f683455884cd18d412879d6f9d042','11','0',NULL),
	('36ff9d8c226743bf8991de37b870b3c1','cc4ca4ce262247adb662c3ce2631a1db','6','0',NULL),
	('3896f3b4510b43469f89154c961a923c','7fe83bb7ca9a413bb37acac91215ea16','5','0',NULL),
	('389b4660180d476b9c627ed1b55960fc','8a14c7e5c5e2486ea004765160ee1324','19e655ebcd844747aa0e46efe9870169','0',NULL),
	('38e41df06ac244d3aa5130edd0a05860','8d67574047ed4d7790381fb5fc4019a8','2','0',NULL),
	('39198cfca8314a9c83d56601ab5be45e','638da80f1e8f4fc28c421d8febc9a7fe','95b3b09fa0b34ac6b95907237c744c55','0',NULL),
	('3a88ec8423be4b158a5e3a92cd941739','fcdd1348b7644afea196695b1eede954','cb359e3089224f97adae46cf03c0ed94','1','2015-12-29'),
	('3acabde7fda544c3ac54847f7303205e','39de39ff1ab74233bce9c5a913af2c9c','13','0',NULL),
	('3bce6879db944107bc9e9cd18b409ab1','f6781437795d48e5a74d6d43828208b0','2','0',NULL),
	('3bf00fb38999402c94863d29392a6c0d','8d67574047ed4d7790381fb5fc4019a8','6','0',NULL),
	('3ce7a1c4ecf74d059a82101221bf41da','0191c8b6b276404881679e570778047e','3f7ef2d4761f445e946413ab9bea23db','0',NULL),
	('3d064a881d804414bd29169f4d863897','51649ecc4891453886fe523ff106ca8b','3f7ef2d4761f445e946413ab9bea23db','0',NULL),
	('3d471f3d98454d05b1838c936e08a966','13d61fb791e64f41b94e856c3c446c1d','5','0',NULL),
	('3d5c1a31ec244b30b5fbfdc853e24b87','0191c8b6b276404881679e570778047e','1','1','2015-12-29'),
	('3d5fc0647f0c4c28b39d6e2dd7eb0450','14535c661515479f954cf3a192a6329f','11','0',NULL),
	('3d8fc36c4eb5422aaf7fe862a133c3f7','4226f5d40009414d854569158e5bcc44','12','0',NULL),
	('3e4827a8666d480ab2bf1d6ff07ada72','0191c8b6b276404881679e570778047e','7','0',NULL),
	('3ed170c1a0fd4bb0a54fce8eb4f8bd87','69abb236d4a44bd3bb31cfedf273c031','8','0',NULL),
	('3f060ba3417f42059e87202299440b79','638da80f1e8f4fc28c421d8febc9a7fe','da60c61cf2aa4cb2810c629c7045c538','0',NULL),
	('3f668ebcef7a44e8bfb41d1c9a0afba0','f0dff7a394e34f82a78a510fd0ceac02','dc9663e71aaa42f0a2634770896ec74c','0',NULL),
	('4006c5e40918462a82b9ec4c71bde096','7fe83bb7ca9a413bb37acac91215ea16','6','0',NULL),
	('40a8a7ffe0174214933f3371e8dc44fd','638da80f1e8f4fc28c421d8febc9a7fe','7','0',NULL),
	('40ba6246aeb2421cbf00478c56f49177','f6781437795d48e5a74d6d43828208b0','6d69972a880f4228b88f28254c3e417e','0',NULL),
	('40d9f26c9fc74e27a59b7cf9dc9b0754','5eb0dfee1de948348bbf7663c7c81854','7','0',NULL),
	('413a9f7aefae4e0285b85b227105a73a','227b389e540f4beb85a4448e00beac5d','4','0',NULL),
	('4162182718d34e77b7c7b75f1b589be5','5eb0dfee1de948348bbf7663c7c81854','12','0',NULL),
	('416c466cabf94d22ba9004d15e855ed5','cd96f7d2cffe4c268e1fe8b93940f97a','7','0',NULL),
	('417db99fa1be43609ef8ec8c689a5ac1','69abb236d4a44bd3bb31cfedf273c031','9','0',NULL),
	('41aa771e12b640a7a5298856d931f509','8ae80eff98be40aa9acdd2a01e6920ef','10','0',NULL),
	('4388767f6c764e1bab5212b13607c7f5','c76b572ff8884896a16a42c08ff2da95','6','0',NULL),
	('43a38799e8a14753a2a982a5630b1b89','227b389e540f4beb85a4448e00beac5d','8','0',NULL),
	('44cdc8be0a8948128fba4893f5fb3a5b','e48bb0cd337947dcad57ed1ba5036c0a','11','0',NULL),
	('450eaf08451e4a4794848d43401b9981','03da36624829477493bfc949f22efdec','11','0',NULL),
	('45ce15d94c054127b15cfb41efd96941','2b14a498414b44778cc100c2032e2c5a','d8de25a1f872404e82f669c04091685e','0',NULL),
	('45f3c5ce94064517a0d6e830b67609bd','0f0f932cdbc14629aa94aba0bb333a06','2','0',NULL),
	('463328a1ab9f41df96c8ff0a87247144','f3b7b7409d6642ac9e1249011915b65f','11','0',NULL),
	('46433f11f8b7465eab48b4e811694b33','c3ac32da72644cd0805fa663bed26edf','5','0',NULL),
	('46cd679cea0d4054ac8e4a8903f4d745','51649ecc4891453886fe523ff106ca8b','5ad0d1f9efdc44b481b02c26b67e832e','0',NULL),
	('48de75c163544a28ae932390be1adfd0','e422136885a3473aa85f9f0749c75a78','12','0',NULL),
	('48ee859184cb406aa1c252af9d74c80e','48e71d295aed4d1c94eced78488abce1','7','0',NULL),
	('49eba45da2f9450c9e5463d9d55e2fe6','227b389e540f4beb85a4448e00beac5d','11','0',NULL),
	('4a1c1a2bec3244d59ff5708c5371ce84','14535c661515479f954cf3a192a6329f','7','0',NULL),
	('4ae08812cf9f45d2b235804ce36fab55','c3ac32da72644cd0805fa663bed26edf','2','0',NULL),
	('4b56ebdbb410457ea46a4519de96f937','39de39ff1ab74233bce9c5a913af2c9c','9','0',NULL),
	('4bc1914b12d34708987123ee6c971c9a','88d32ebd5a5944ec92ebdf99cc00d356','6','0',NULL),
	('4bc26730c5384df1b08113ebd5de6d12','2b14a498414b44778cc100c2032e2c5a','19e655ebcd844747aa0e46efe9870169','0',NULL),
	('4bed33efd3644eff8f7b9ecfd6231a4d','cd96f7d2cffe4c268e1fe8b93940f97a','4','0',NULL),
	('4c04c800c11e41dfaabe5a2a083128f4','2b14a498414b44778cc100c2032e2c5a','4','0',NULL),
	('4cb99ad6b0d6455692e64a02d4ed9965','cc4ca4ce262247adb662c3ce2631a1db','3','0',NULL),
	('4cc6e7818efe4fc6bd54c1b7689d4cb6','69abb236d4a44bd3bb31cfedf273c031','4','0',NULL),
	('4cf31423094a4015b44cdb5e742b5cbc','4226f5d40009414d854569158e5bcc44','4','0',NULL),
	('4d4f54b5dba6466eaa7a456d81ee8c02','0191c8b6b276404881679e570778047e','6474fda3f35c4d1580b646a42f190cf7','0',NULL),
	('4d89673c81464514b8353093298183f5','7fe83bb7ca9a413bb37acac91215ea16','9','0',NULL),
	('4db762cce06648df8eb43678985e2d9b','e422136885a3473aa85f9f0749c75a78','10','0',NULL),
	('4e1190423b664b57864fd2a26ecba10a','88d32ebd5a5944ec92ebdf99cc00d356','13','0',NULL),
	('4ebcf28ce43449c0bc65e50f9bfd1336','f0dff7a394e34f82a78a510fd0ceac02','42f5435f943a4e8cbcd86ec07b1d922a','0',NULL),
	('4edd3bd42e4b41af873d085e68a577dc','393f25fd98c34992bcc72eea2929ea63','1','1','2015-11-25'),
	('4f01ed52d8464503afbc65226afec24b','51649ecc4891453886fe523ff106ca8b','f12330474f634e2897878e8f56a910ae','0',NULL),
	('4fad66ba10a64fd48b0ad3462c99d149','2055ff60abd4465c9d3c0934a2c43ba9','11','0',NULL),
	('50ff85571d574987b07a2c44cf7853ca','0191c8b6b276404881679e570778047e','95b3b09fa0b34ac6b95907237c744c55','0',NULL),
	('512938e286d5471db35224901108d7e4','8a14c7e5c5e2486ea004765160ee1324','95b3b09fa0b34ac6b95907237c744c55','0',NULL),
	('512fa1b1ca314d00b682ae98c7848e60','530b93241fc9479f9c6bbadb32b65149','6','0',NULL),
	('5132f793fb4d4a1ba74eb25875d67726','f6781437795d48e5a74d6d43828208b0','4','0',NULL),
	('5149a7b436184a83b2c2586ecada077e','4e5f48bc8efe4ef3806bd6da18dccc57','9','0',NULL),
	('521e2594726148bfa8c138f6e946c631','1a3428088ad347269b52ed50dfcb81c9','3','0',NULL),
	('5241ab188131470ea29dac046e43daf8','2b14a498414b44778cc100c2032e2c5a','95b3b09fa0b34ac6b95907237c744c55','0',NULL),
	('52c835cebc2441d7bf8d7ca01176602b','0f0f932cdbc14629aa94aba0bb333a06','10','0',NULL),
	('52f5b3ad56434be29bfa91b4170f2b07','46a635664fb5420ea1aa533969a08301','7','0',NULL),
	('53562384f9ef450385e0f4297bd1699c','28d2622a6e0a4ab485e1c082d30c75ef','11','0',NULL),
	('535b945c7ca740ab80acaf8ea1ab8dd0','51649ecc4891453886fe523ff106ca8b','7','0',NULL),
	('53ea00e27c4142c5844f2026bcc78732','0f0f932cdbc14629aa94aba0bb333a06','8','0',NULL),
	('5422baf92b604aefba2d44bf35bd730b','14535c661515479f954cf3a192a6329f','da60c61cf2aa4cb2810c629c7045c538','0',NULL),
	('5517916299d5499da057d150fcddf81a','c76b572ff8884896a16a42c08ff2da95','11','0',NULL),
	('55aa46a9e2dd405e9874985f0992f399','8a14c7e5c5e2486ea004765160ee1324','d355e9e6b4ad48a59fa0a983e8b7b583','0',NULL),
	('56614b3b7ae44ad392a294b65f8647f6','2757b0387e6c4449b3bac78ced1abf58','8','0',NULL),
	('5672621a91514c5eae1b7f31a6a0bd99','c76b572ff8884896a16a42c08ff2da95','5','0',NULL),
	('56884d430e1a404296321da42e6fae46','cc4ca4ce262247adb662c3ce2631a1db','1','1','2015-11-02'),
	('568ba891f97e4b03bd451ec0fd78f451','393f25fd98c34992bcc72eea2929ea63','2','0',NULL),
	('56b951000fb74b85bc0f01ecfc41417a','4e5f48bc8efe4ef3806bd6da18dccc57','2','0',NULL),
	('57035b07bd9c4abbb2abd19c76f22cdb','f3b7b7409d6642ac9e1249011915b65f','8','0',NULL),
	('577ab929dc96447cb18a74e44078558c','03da36624829477493bfc949f22efdec','3','0',NULL),
	('57fd0ecd6dc74880ba33257f49ec63e5','39de39ff1ab74233bce9c5a913af2c9c','4','0',NULL),
	('581102bbc6a24f23b6f405f22ed8863b','393f25fd98c34992bcc72eea2929ea63','5','0',NULL),
	('581a7e26f0514e499350dd1dfc1eaef0','c00f8c9d385042949724953f9a5faed9','2','0',NULL),
	('5850d21b1edc4e25a35c3ab828ac4576','2b14a498414b44778cc100c2032e2c5a','da60c61cf2aa4cb2810c629c7045c538','0',NULL),
	('58f319630e8449b8b1764a75036f4370','51649ecc4891453886fe523ff106ca8b','bb81a0c098a444e69028380e80852d91','0',NULL),
	('5920c7f4bdde4f8f8a1415edb1cba648','522ca59deba34f268077efd3c439eb3d','3f7ef2d4761f445e946413ab9bea23db','0',NULL),
	('59245e202fd34519ba4fdc026b0773db','638da80f1e8f4fc28c421d8febc9a7fe','f12330474f634e2897878e8f56a910ae','0',NULL),
	('5a9ceb8416a148f8903bfb67034d3277','5eb0dfee1de948348bbf7663c7c81854','3','0',NULL),
	('5b3515b607e34e98bfc890761b518a34','c3ac32da72644cd0805fa663bed26edf','1','0',NULL),
	('5d3d01defc544a02854772b15d2e3833','d59f683455884cd18d412879d6f9d042','3','0',NULL),
	('5e5a8b89bf9a4f8fafaae4a43b26fee2','14535c661515479f954cf3a192a6329f','6','0',NULL),
	('5fe793461af040de9dbf4106ee7e2d03','88d32ebd5a5944ec92ebdf99cc00d356','12','0',NULL),
	('5fe97d5c00ee4939b7034ea09604af21','dba81703f6874b82935ca389317d6d19','6','0',NULL),
	('601a567b43bd4b50b5ff2f0a44493ee3','c3ac32da72644cd0805fa663bed26edf','8','0',NULL),
	('608f6b3bcbe14c078ecf3d6f2b47a92b','f3b7b7409d6642ac9e1249011915b65f','7','0',NULL),
	('60d8e97334bc466abb7a0bbb6e1af211','c76b572ff8884896a16a42c08ff2da95','10','0',NULL),
	('610470697e63452fb9949d102a198ff7','0f0f932cdbc14629aa94aba0bb333a06','7','0',NULL),
	('61301757b08c472aafcb1546c9027401','530b93241fc9479f9c6bbadb32b65149','1','1','2015-11-02'),
	('63840ee62744455184f32f5113a83adf','4226f5d40009414d854569158e5bcc44','5','0',NULL),
	('63d4997a249d4072871ef306eb07f096','2055ff60abd4465c9d3c0934a2c43ba9','4','0',NULL),
	('63dff4dcb7b244d185c4046e2e84101a','e422136885a3473aa85f9f0749c75a78','2','0',NULL),
	('64a18f8c903042a493ccd30ad0022ef4','13d61fb791e64f41b94e856c3c446c1d','4','0',NULL),
	('64aef030afb148dd8b266ad6a546c97c','0191c8b6b276404881679e570778047e','da60c61cf2aa4cb2810c629c7045c538','0',NULL),
	('6541da05751d41f2844854313ee1bb54','03da36624829477493bfc949f22efdec','10','0',NULL),
	('656f85ac84d7427b95eb830a1f778682','522ca59deba34f268077efd3c439eb3d','6474fda3f35c4d1580b646a42f190cf7','0',NULL),
	('65d36f48798b439085a6c5765907e574','1a3428088ad347269b52ed50dfcb81c9','7','0',NULL),
	('65d7ccedec614dadab164ab8a93b2324','f0dff7a394e34f82a78a510fd0ceac02','cb359e3089224f97adae46cf03c0ed94','0',NULL),
	('669fecb01b864c1d9e8b8a84eaaaf614','0191c8b6b276404881679e570778047e','dc9663e71aaa42f0a2634770896ec74c','0',NULL),
	('66cd8e14bb2c4e2d986ea1e9f51d4018','fcdd1348b7644afea196695b1eede954','d355e9e6b4ad48a59fa0a983e8b7b583','0',NULL),
	('66f666ee5c954284921372878a65b053','e2ae2d875fda4f0d9e9db79954c05834','9','0',NULL),
	('6708fc9aea3e4f7fb130c45406642ed8','638da80f1e8f4fc28c421d8febc9a7fe','d8de25a1f872404e82f669c04091685e','0',NULL),
	('6766c88ba16c4dc897d30630cd977fe0','4e5f48bc8efe4ef3806bd6da18dccc57','4','0',NULL),
	('67caa45f8e1f4509bdba23a4d2b2f1a4','522ca59deba34f268077efd3c439eb3d','8','0',NULL),
	('68abdc34a85045b882929694d338aee0','2b14a498414b44778cc100c2032e2c5a','7','0',NULL),
	('68e77b6e76fd4c33b384f74790cf2f1e','f0dff7a394e34f82a78a510fd0ceac02','9','0',NULL),
	('695bf65cdd3544d1904d7ffb7676d7dd','14535c661515479f954cf3a192a6329f','1','1','2015-12-01'),
	('69fa50beff4345468dd6fc128e11c8b9','69abb236d4a44bd3bb31cfedf273c031','6','0',NULL),
	('6a07525fb76c493684b9ecdab28cafd7','f0dff7a394e34f82a78a510fd0ceac02','95b3b09fa0b34ac6b95907237c744c55','0',NULL),
	('6a49f47babe245f69893250e1fd12a63','1a3428088ad347269b52ed50dfcb81c9','9','0',NULL),
	('6a942589ff4945cea45add8425b9a80f','f0dff7a394e34f82a78a510fd0ceac02','d355e9e6b4ad48a59fa0a983e8b7b583','0',NULL),
	('6b0e0c8d96d74ee983049e9ee113800e','13d61fb791e64f41b94e856c3c446c1d','9','0',NULL),
	('6b1e1d7eba2e4b8aa08d20e1a09efad5','c3ac32da72644cd0805fa663bed26edf','12','0',NULL),
	('6b7120852b9a4088973887a2949e7a40','8a14c7e5c5e2486ea004765160ee1324','5b61eb41f80f43c5b8e485866178f63d','0',NULL),
	('6ca3628c80ae405b9bab275811a6821e','8a14c7e5c5e2486ea004765160ee1324','dc9663e71aaa42f0a2634770896ec74c','0',NULL),
	('6e1c509a80154f2eb23dd393eeb7f10c','e2ae2d875fda4f0d9e9db79954c05834','4','0',NULL),
	('6e416c04f02d4ae0a9a7a797297f4267','48e71d295aed4d1c94eced78488abce1','6','0',NULL),
	('6e7bab211b124eb6a5568fc7da8e97c4','9b73f6e4d0ae4d23b1d98f4f8ca6873a','9','0',NULL),
	('6eb330d6028844e38449975d409e6da8','e422136885a3473aa85f9f0749c75a78','8','0',NULL),
	('6ecc67f6716d464b8d0f8fc4b4803511','522ca59deba34f268077efd3c439eb3d','5ad0d1f9efdc44b481b02c26b67e832e','0',NULL),
	('6ee84da951b24cf9b6bd06b8943cdc68','2757b0387e6c4449b3bac78ced1abf58','11','0',NULL),
	('6f391de4e20140008be560273c019b4a','227b389e540f4beb85a4448e00beac5d','7','0',NULL),
	('6f8693fc2ed94267be4822d739e482bf','530b93241fc9479f9c6bbadb32b65149','11','0',NULL),
	('6fdaf302c3c6401e98329f41c42dc79e','8a14c7e5c5e2486ea004765160ee1324','d8de25a1f872404e82f669c04091685e','0',NULL),
	('706c0c68703f4c38b02af365f70242bd','fcdd1348b7644afea196695b1eede954','8b454376c0434e2792a1dc57edf80dbd','0',NULL),
	('706c1e8c108846508c0ad01ee79ef0b0','f6781437795d48e5a74d6d43828208b0','11','0',NULL),
	('70e80661bf424ab48a6ed9aeb41a1f72','7fe83bb7ca9a413bb37acac91215ea16','4','0',NULL),
	('712419847c7c4eb1b69a2983d945835b','cd96f7d2cffe4c268e1fe8b93940f97a','10','0',NULL),
	('713b3f1697a0464c827b1866d1b23b47','88d32ebd5a5944ec92ebdf99cc00d356','4','0',NULL),
	('7154a93378be4a3fb7eb5e08ebca17c1','2b14a498414b44778cc100c2032e2c5a','4639f877ec7149258cadcf145b4182a7','0',NULL),
	('71f689059f7f4e2eafe7715e9e79f388','c00f8c9d385042949724953f9a5faed9','12','0',NULL),
	('724eb2ce1b814180bb863255c28d769f','fcdd1348b7644afea196695b1eede954','6474fda3f35c4d1580b646a42f190cf7','0',NULL),
	('7419da59b03e4d598b40f63946a62373','fcdd1348b7644afea196695b1eede954','da60c61cf2aa4cb2810c629c7045c538','0',NULL),
	('7444ff91051847718c1c13cc01505086','51649ecc4891453886fe523ff106ca8b','d42378c9621b4551a0c4c63c82f0aa33','0',NULL),
	('74873fae448d409d8e1b349f5edc8d53','0f0f932cdbc14629aa94aba0bb333a06','9','0',NULL),
	('74d41bcb22f847769f4dba652a6b679b','2b14a498414b44778cc100c2032e2c5a','eca1a51b803449d59ce4e2a3b0f4f787','0',NULL),
	('75b418d60a3e489d8321ac79ce858a10','88d32ebd5a5944ec92ebdf99cc00d356','10','0',NULL),
	('7621db2bda3440b3bc090f6b481067c0','522ca59deba34f268077efd3c439eb3d','42f5435f943a4e8cbcd86ec07b1d922a','0',NULL),
	('76c819e6e6524258b43221afe2e4706e','f6781437795d48e5a74d6d43828208b0','5','0',NULL),
	('76cd8a83f9954c1a865414bb6fcb7520','393f25fd98c34992bcc72eea2929ea63','4','0',NULL),
	('76eaf39ea9334a1a9e1a1709de7de406','2757b0387e6c4449b3bac78ced1abf58','10','0',NULL),
	('778cc57bb2184e38a74c60c818f1bbbd','0191c8b6b276404881679e570778047e','9','0',NULL),
	('78140dff2a2d4eb287d8a9e3fd11fc12','638da80f1e8f4fc28c421d8febc9a7fe','bb81a0c098a444e69028380e80852d91','0',NULL),
	('78269df9b73341f394ac6ddfd6d8ed60','0191c8b6b276404881679e570778047e','8b454376c0434e2792a1dc57edf80dbd','1','2015-12-30'),
	('7898efe914094ac3aba45a1ba92fb197','48e71d295aed4d1c94eced78488abce1','8','0',NULL),
	('79ea0462c97a4455b46ab585f42d01a6','638da80f1e8f4fc28c421d8febc9a7fe','5091ca619fbf49209bce020859103ba5','0',NULL),
	('7ae530a74583460a839184e24fd06a8e','48e71d295aed4d1c94eced78488abce1','3','0',NULL),
	('7af21cb1379d493a87455c036f412ed5','4e5f48bc8efe4ef3806bd6da18dccc57','12','0',NULL),
	('7b89ebfcffd341508c4f5c1f78adb0d4','4e5f48bc8efe4ef3806bd6da18dccc57','5','0',NULL),
	('7b9837a645ae4673842590e0be89b8a9','638da80f1e8f4fc28c421d8febc9a7fe','1','1','2015-12-29'),
	('7c37fb05d9d14211b7400263ddf7de11','2757b0387e6c4449b3bac78ced1abf58','5','0',NULL),
	('7ca3121ddb3743bfae53bf6b30ed8393','39de39ff1ab74233bce9c5a913af2c9c','5','0',NULL),
	('7d5466bcb26e42b7bc1c11e9c000991e','522ca59deba34f268077efd3c439eb3d','95b3b09fa0b34ac6b95907237c744c55','0',NULL),
	('7ebc430668a5429987b77a3d2f0d73fb','cd96f7d2cffe4c268e1fe8b93940f97a','13','0',NULL),
	('7f4499dcc4b84b50b4225ca2329f4152','8ae80eff98be40aa9acdd2a01e6920ef','13','0',NULL),
	('80837ebad4944f95b208e6e97b4f1339','2b14a498414b44778cc100c2032e2c5a','d355e9e6b4ad48a59fa0a983e8b7b583','0',NULL),
	('80a94cf8487b41d1b462786fdacb1233','51649ecc4891453886fe523ff106ca8b','4','0',NULL),
	('80f4190b09d64ba8a9252629945e1d37','8a14c7e5c5e2486ea004765160ee1324','eca1a51b803449d59ce4e2a3b0f4f787','0',NULL),
	('812a85731ccb452e896308c59043615e','9b73f6e4d0ae4d23b1d98f4f8ca6873a','8','0',NULL),
	('81a00fd99d02423295a2fb3e3fc76a19','e48bb0cd337947dcad57ed1ba5036c0a','4','0',NULL),
	('81b4d981487e444a9b39dd0f440ca61e','8d67574047ed4d7790381fb5fc4019a8','8','0',NULL),
	('81f58f5abe754ba8a222c166c34a1ece','2757b0387e6c4449b3bac78ced1abf58','2','0',NULL),
	('830f034e34684495a98114b2a7dd9685','48e71d295aed4d1c94eced78488abce1','5','0',NULL),
	('833e6f4dd6a7460abac322406e275b91','cc4ca4ce262247adb662c3ce2631a1db','11','0',NULL),
	('83b14099f3da4793ab0cf3328d0b343a','c00f8c9d385042949724953f9a5faed9','8','0',NULL),
	('85848f47671d4105b07c3ed1b6eba68f','69abb236d4a44bd3bb31cfedf273c031','7','0',NULL),
	('8589646bb1ec4eb48ac33ad4949b6fa4','4226f5d40009414d854569158e5bcc44','8','0',NULL),
	('859f6d7f9a3f46fba44cb6dda39748db','e48bb0cd337947dcad57ed1ba5036c0a','8','0',NULL),
	('860e085f2c4a445590e62f935cce2ac3','c3ac32da72644cd0805fa663bed26edf','9','0',NULL),
	('866df98865584998bc8b4391524deca2','c00f8c9d385042949724953f9a5faed9','10','0',NULL),
	('86b1eba867be4b58b8a166d57684a483','393f25fd98c34992bcc72eea2929ea63','6d69972a880f4228b88f28254c3e417e','0',NULL),
	('870167924d014d90a4dd8cf1ebc0b8b3','03da36624829477493bfc949f22efdec','1','1','2015-11-02'),
	('873290e045ff4ceaa19906bc3d95fbf6','8ae80eff98be40aa9acdd2a01e6920ef','9','0',NULL),
	('873b0ad5aef84258bbb8fb05137ed187','c76b572ff8884896a16a42c08ff2da95','8','0',NULL),
	('879badfbf1df453b888c942ba6f3bf12','c3ac32da72644cd0805fa663bed26edf','a91be50880744e4787a77e0f97f8dbb5','0',NULL),
	('890d19ab048a4f3cb9db8e4282066f88','638da80f1e8f4fc28c421d8febc9a7fe','9','0',NULL),
	('893417a5b0ef44b0adf0607b5ffe3abf','cc4ca4ce262247adb662c3ce2631a1db','13','0',NULL),
	('89395dfda2054fa7a8676d70d1355f8c','fcdd1348b7644afea196695b1eede954','4','0',NULL),
	('8a84c85a5ff445a09e78b5040c93e517','530b93241fc9479f9c6bbadb32b65149','3','0',NULL),
	('8a89abc54ea440f693b64576359adcd4','c00f8c9d385042949724953f9a5faed9','3','0',NULL),
	('8bb1845d1d86428fb5934cd33e7899db','c00f8c9d385042949724953f9a5faed9','11','0',NULL),
	('8c20d024720d419f8187f928781432c9','f3b7b7409d6642ac9e1249011915b65f','12','0',NULL),
	('8c9c6f8723c54384be0b925b06f9cb83','cc4ca4ce262247adb662c3ce2631a1db','8','0',NULL),
	('8cd770282c8b4a5ba6be9b97fd3c6e75','8d67574047ed4d7790381fb5fc4019a8','9','0',NULL),
	('8d0de484fa364d21a32b4cffc0510538','51649ecc4891453886fe523ff106ca8b','4639f877ec7149258cadcf145b4182a7','0',NULL),
	('8d5c617d85364b13abf4c846aa4557b6','f6781437795d48e5a74d6d43828208b0','1','0',NULL),
	('8deda12d044b4c098729256e9e147af3','8d67574047ed4d7790381fb5fc4019a8','4','0',NULL),
	('8e2f08eaf87643d1abe709d403f1b7e3','393f25fd98c34992bcc72eea2929ea63','7','0',NULL),
	('8e61a4b0bce949f28532d81946e9e073','c00f8c9d385042949724953f9a5faed9','4','0',NULL),
	('8e7cf24b278e4b50b2a74855a4732348','48e71d295aed4d1c94eced78488abce1','2','0',NULL),
	('8f1d47eacea5458999d1a5e3f1d7744f','7fe83bb7ca9a413bb37acac91215ea16','11','0',NULL),
	('8f1e413a0c674d40bb8e77ec2a683dca','2b14a498414b44778cc100c2032e2c5a','dc9663e71aaa42f0a2634770896ec74c','0',NULL),
	('8f8ef225a4c44d54b2b0de7424356cef','8a14c7e5c5e2486ea004765160ee1324','da60c61cf2aa4cb2810c629c7045c538','0',NULL),
	('8f93f79e9fa84406be7db95e921f1eff','51649ecc4891453886fe523ff106ca8b','5b61eb41f80f43c5b8e485866178f63d','0',NULL),
	('8fb33dc7a96f49108ec49df22b4c1c10','03da36624829477493bfc949f22efdec','2','0',NULL),
	('8fb6e938a5d649cf805781a57713d884','e2ae2d875fda4f0d9e9db79954c05834','12','0',NULL),
	('904050c4d47445a2b43d70d813dc046d','8a14c7e5c5e2486ea004765160ee1324','1','0',NULL),
	('907033fbc00845b593c93f98edc16910','4e5f48bc8efe4ef3806bd6da18dccc57','3','0',NULL),
	('91406f57ade64bf5938e070382e2572f','c76b572ff8884896a16a42c08ff2da95','9','0',NULL),
	('914521f1479f4b7ca3a03cf4bb7394c3','fcdd1348b7644afea196695b1eede954','7','0',NULL),
	('91c7cb4598f64463b20d302ffb98efd1','522ca59deba34f268077efd3c439eb3d','eca1a51b803449d59ce4e2a3b0f4f787','0',NULL),
	('9207ddeae4c441c2aaa257de50bb1f73','88d32ebd5a5944ec92ebdf99cc00d356','8','0',NULL),
	('92451d3270e945d18ee150ce9aff3a5b','51649ecc4891453886fe523ff106ca8b','d8de25a1f872404e82f669c04091685e','0',NULL),
	('924c40c7046b40e2b2afc2a81b50e7ef','03da36624829477493bfc949f22efdec','8','0',NULL),
	('92b73e2b46ba404e9e1d79a0113052e7','dba81703f6874b82935ca389317d6d19','12','0',NULL),
	('93738b75636d433c956c2f8e81299bb2','dba81703f6874b82935ca389317d6d19','13','0',NULL),
	('93d11da075ab4e5eb33ff97e4a700396','46a635664fb5420ea1aa533969a08301','5','0',NULL),
	('93ebeae9b44744448e8bfcbba71d3d8d','4e5f48bc8efe4ef3806bd6da18dccc57','10','0',NULL),
	('948debc47d6f4b01b6b70e6655bc0e52','f0dff7a394e34f82a78a510fd0ceac02','19e655ebcd844747aa0e46efe9870169','0',NULL),
	('95531c9f86b4467ab8ad782f6f6be2c6','0191c8b6b276404881679e570778047e','4639f877ec7149258cadcf145b4182a7','0',NULL),
	('958fb34bb53a48a899bb4a061af5c27a','2055ff60abd4465c9d3c0934a2c43ba9','1','1','2015-11-06'),
	('96630330da9444be8cd5e8b0c23fb1ee','0f0f932cdbc14629aa94aba0bb333a06','12','0',NULL),
	('96a3977ca4a145ba89c1006eac9162a8','8d67574047ed4d7790381fb5fc4019a8','13','0',NULL),
	('970c7d463aff4fd98a084a9f8ff5bcc0','88d32ebd5a5944ec92ebdf99cc00d356','3','0',NULL),
	('97bfc585e3c749bcae0133543bf9f41e','2055ff60abd4465c9d3c0934a2c43ba9','2','0',NULL),
	('9887728824c8409b8173b0af757feee0','e422136885a3473aa85f9f0749c75a78','6','0',NULL),
	('9897c896475345e8b8955d9b240144bb','48e71d295aed4d1c94eced78488abce1','10','0',NULL),
	('995d084ff2014a9d87198ab81d8a643a','522ca59deba34f268077efd3c439eb3d','f12330474f634e2897878e8f56a910ae','0',NULL),
	('99edaf1fef134e7090fa0786f78e0731','0191c8b6b276404881679e570778047e','bb81a0c098a444e69028380e80852d91','0',NULL),
	('9a60df47f1044ad38b6dd738e44b7346','638da80f1e8f4fc28c421d8febc9a7fe','8b454376c0434e2792a1dc57edf80dbd','0',NULL),
	('9a975f1c379148fdb91c56c6441ab363','227b389e540f4beb85a4448e00beac5d','1','1','2015-11-03'),
	('9adf517f7fe141f8b7544b677df1a3a4','7fe83bb7ca9a413bb37acac91215ea16','13','0',NULL),
	('9b5d6138fe8b4bee8982a126441661a6','c3ac32da72644cd0805fa663bed26edf','3','0',NULL),
	('9ba988c2ff8e44f586a61fc41186cfce','fcdd1348b7644afea196695b1eede954','4639f877ec7149258cadcf145b4182a7','0',NULL),
	('9be2d79e58d343dcba12657a64331a66','8a14c7e5c5e2486ea004765160ee1324','3f7ef2d4761f445e946413ab9bea23db','0',NULL),
	('9c0db4b5b9ee4e38a31acdc2f6710985','1a3428088ad347269b52ed50dfcb81c9','13','0',NULL),
	('9c606f818e384a8299db561199bd2558','f0dff7a394e34f82a78a510fd0ceac02','1','1','2015-12-30'),
	('9c6fc908e1df4281bcfabd414e619821','48e71d295aed4d1c94eced78488abce1','13','0',NULL),
	('9d1d9b59cd8a4ee8b54609a90bfb1db4','dba81703f6874b82935ca389317d6d19','7','0',NULL),
	('9f08c8e5f690435ea5370fd803a9119a','2055ff60abd4465c9d3c0934a2c43ba9','3','0',NULL),
	('9f10896eeb664ae3843484c299cc8f2e','69abb236d4a44bd3bb31cfedf273c031','5','0',NULL),
	('a1150f9fea2a4100932a400fcb824d8e','522ca59deba34f268077efd3c439eb3d','8b454376c0434e2792a1dc57edf80dbd','0',NULL),
	('a1d9880f68224e389f8825a68891f2ef','638da80f1e8f4fc28c421d8febc9a7fe','5b61eb41f80f43c5b8e485866178f63d','0',NULL),
	('a2484682b2644c5eba8db02c686c58b2','c00f8c9d385042949724953f9a5faed9','9','0',NULL),
	('a28be5be1d5844428ae3b3213f6fb57c','d59f683455884cd18d412879d6f9d042','1','1','2015-11-06'),
	('a33b16cfceb640f181ccec592451dcba','f3b7b7409d6642ac9e1249011915b65f','13','0',NULL),
	('a37d8587a9294ab6bbdbf68c92c19cc0','8d67574047ed4d7790381fb5fc4019a8','3','0',NULL),
	('a4423d4a7a9f4acf945f6fad28935fc2','2b14a498414b44778cc100c2032e2c5a','d42378c9621b4551a0c4c63c82f0aa33','0',NULL),
	('a48ca1f3596c42b1a6e526e75dd29d20','46a635664fb5420ea1aa533969a08301','4','0',NULL),
	('a4c7ac7e2d3d406a8c91652f072537e6','28d2622a6e0a4ab485e1c082d30c75ef','2','0',NULL),
	('a4e57a23af064c6a9b1abf75b1f0b0c1','e48bb0cd337947dcad57ed1ba5036c0a','7','0',NULL),
	('a5227dd005d44a33b9003088a32fc60a','d59f683455884cd18d412879d6f9d042','9','0',NULL),
	('a54c275cf1db479fa1d52576a9b5b7c3','69abb236d4a44bd3bb31cfedf273c031','1','0',NULL),
	('a57a43254dc9458da0be27c76499a025','8ae80eff98be40aa9acdd2a01e6920ef','3','0',NULL),
	('a58ab1be71b0463ba7ec624ad8e9333d','88d32ebd5a5944ec92ebdf99cc00d356','9','0',NULL),
	('a5ec41281132436ab71cd4c2cd1df0d4','14535c661515479f954cf3a192a6329f','4','0',NULL),
	('a62ede5803c64a76a5eac58a6ef2cd3a','39de39ff1ab74233bce9c5a913af2c9c','7','0',NULL),
	('a65af476501647e6ae04284490b6768a','0191c8b6b276404881679e570778047e','4','0',NULL),
	('a66ce5d3852440a4b4f03a35fb8dc0e7','e422136885a3473aa85f9f0749c75a78','1','0',NULL),
	('a68d7dd57a8b48f6b898eed8b47ebce9','2b14a498414b44778cc100c2032e2c5a','5b61eb41f80f43c5b8e485866178f63d','0',NULL),
	('a6960834f54f41a4980e2399ceb4745c','dba81703f6874b82935ca389317d6d19','1','1','2015-11-10'),
	('a6bbf8ddbbc543cd853cd714d70cc876','46a635664fb5420ea1aa533969a08301','9','0',NULL),
	('a83b4087ed0540eba2fb6795172f2f6e','7fe83bb7ca9a413bb37acac91215ea16','2','0',NULL),
	('a86688d0d48e42429e786bfbc4988599','69abb236d4a44bd3bb31cfedf273c031','da60c61cf2aa4cb2810c629c7045c538','0',NULL),
	('a8b5e81543854d09840d2114c02be3be','13d61fb791e64f41b94e856c3c446c1d','11','0',NULL),
	('a8d749d3ffe640af945ef47d32b86da1','4226f5d40009414d854569158e5bcc44','2','0',NULL),
	('a91f52355c8f4c54bfcb0bd230c12008','f6781437795d48e5a74d6d43828208b0','6','0',NULL),
	('a929ff8db87642ffa6b417e61048e192','f0dff7a394e34f82a78a510fd0ceac02','4','0',NULL),
	('a9c1736e157345ccacd47e3867360abc','522ca59deba34f268077efd3c439eb3d','4','0',NULL),
	('aa32554c9d874dea828d538ce72f5220','48e71d295aed4d1c94eced78488abce1','11','0',NULL),
	('aa605b20026f45fcbdca0794122882a0','8a14c7e5c5e2486ea004765160ee1324','4','0',NULL),
	('aaf5b42072c44722bb7c409a7749dd7e','8ae80eff98be40aa9acdd2a01e6920ef','2','0',NULL),
	('ab06e5a26dea456785174c8c79c0b42b','13d61fb791e64f41b94e856c3c446c1d','3','0',NULL),
	('aba47a6e435445fe8da7f697275fffd6','4e5f48bc8efe4ef3806bd6da18dccc57','7','0',NULL),
	('ac11154f93664db0863e37a1db65b4d8','28d2622a6e0a4ab485e1c082d30c75ef','1','0',NULL),
	('ac26984d05c640e8ab2e2f818f402532','fcdd1348b7644afea196695b1eede954','eca1a51b803449d59ce4e2a3b0f4f787','0',NULL),
	('ad53c7adec954418b2889f0e116bd49d','fcdd1348b7644afea196695b1eede954','3f7ef2d4761f445e946413ab9bea23db','0',NULL),
	('adf4665c7f1b4ff3adfca7a4a26733c7','e2ae2d875fda4f0d9e9db79954c05834','3','0',NULL),
	('adf50ed98fe949ae835cc0f676052202','e2ae2d875fda4f0d9e9db79954c05834','10','0',NULL),
	('aed0fdb7651b447e9a6c5caf055398cf','8ae80eff98be40aa9acdd2a01e6920ef','8','0',NULL),
	('af8c5f5f187e40518cee6cb9dc3a796f','4226f5d40009414d854569158e5bcc44','1','0',NULL),
	('afc50ce904bc4bf8b0daaa5355588faf','0191c8b6b276404881679e570778047e','8','0',NULL),
	('b011233c89e54da8a6abf4684a805e00','88d32ebd5a5944ec92ebdf99cc00d356','7','0',NULL),
	('b0431ec47b2844308b6ac84e613a0cb4','69abb236d4a44bd3bb31cfedf273c031','3','0',NULL),
	('b13fd8414a544bdca6b9c61263e3de26','8ae80eff98be40aa9acdd2a01e6920ef','5','0',NULL),
	('b156580f00284f0587a99c117cfab9e4','393f25fd98c34992bcc72eea2929ea63','12','0',NULL),
	('b2b5ddee082d421bb197fde5649e7252','638da80f1e8f4fc28c421d8febc9a7fe','d355e9e6b4ad48a59fa0a983e8b7b583','0',NULL),
	('b354a8d671494195a90bcd8192c735f0','d59f683455884cd18d412879d6f9d042','10','0',NULL),
	('b3ae34c1459540278f835df5f1d32622','8d67574047ed4d7790381fb5fc4019a8','7','0',NULL),
	('b3ec764f64ba40d1b8c927f433c502cf','69abb236d4a44bd3bb31cfedf273c031','11','0',NULL),
	('b3f750f5b6af4528a1d581881fee96d7','c3ac32da72644cd0805fa663bed26edf','11','0',NULL),
	('b485ddea354649fda3a373eb5c62caff','638da80f1e8f4fc28c421d8febc9a7fe','d42378c9621b4551a0c4c63c82f0aa33','0',NULL),
	('b4ca354437ed4528ac61d5a6bc1b7781','cd96f7d2cffe4c268e1fe8b93940f97a','12','0',NULL),
	('b56f9f1d5fc34ae4809481e01552efb1','227b389e540f4beb85a4448e00beac5d','3','0',NULL),
	('b5a37a6dc97b4feabc1a1c777448f10f','2b14a498414b44778cc100c2032e2c5a','f12330474f634e2897878e8f56a910ae','0',NULL),
	('b5cbbb2ac25a40cc93559195d1ad7cd8','2757b0387e6c4449b3bac78ced1abf58','6','0',NULL),
	('b5e72947b3dc4ecb9f0f8b98f15c2c41','f6781437795d48e5a74d6d43828208b0','da60c61cf2aa4cb2810c629c7045c538','0',NULL),
	('b601ef12e0c845ad90fad44a3032f960','7fe83bb7ca9a413bb37acac91215ea16','1','1','2015-11-02'),
	('b6381a630e88475d9f995c6fe4dbb66a','d59f683455884cd18d412879d6f9d042','5','0',NULL),
	('b63ea90d0cad4866b1c80cd6174f864c','0191c8b6b276404881679e570778047e','5091ca619fbf49209bce020859103ba5','0',NULL),
	('b66dbe0433ac4ad9a49797910d7ea6db','227b389e540f4beb85a4448e00beac5d','12','0',NULL),
	('b6fdb76ccf914dd997832a1d29d7913d','393f25fd98c34992bcc72eea2929ea63','da60c61cf2aa4cb2810c629c7045c538','0',NULL),
	('b79a87472ebe4698b7bb913ed4c4249a','f0dff7a394e34f82a78a510fd0ceac02','5b61eb41f80f43c5b8e485866178f63d','0',NULL),
	('b7a4c1a8e1ae4b2c844e914f78de2d30','638da80f1e8f4fc28c421d8febc9a7fe','8','0',NULL),
	('b7b3096845774532a683786921161c4a','e2ae2d875fda4f0d9e9db79954c05834','8','0',NULL),
	('b8f93db6cde04052885d3f92b4726ffc','2b14a498414b44778cc100c2032e2c5a','6474fda3f35c4d1580b646a42f190cf7','0',NULL),
	('b9121d3fe8654698896a7314e8c6daca','5eb0dfee1de948348bbf7663c7c81854','2','0',NULL),
	('b96409a9f8ff44c9baf86f452ff3ba1e','8d67574047ed4d7790381fb5fc4019a8','5','0',NULL),
	('b9d6546c41cd4f49b22c8fe6c6e9620e','2055ff60abd4465c9d3c0934a2c43ba9','5','0',NULL),
	('b9d8bd9ba5ba42069a398cedaa417b38','fcdd1348b7644afea196695b1eede954','d8de25a1f872404e82f669c04091685e','0',NULL),
	('ba6b26c69e53440f8c2ec0a3f27ad5e0','51649ecc4891453886fe523ff106ca8b','dc9663e71aaa42f0a2634770896ec74c','0',NULL),
	('baa0ae72ed444750a5411a29bf799c74','46a635664fb5420ea1aa533969a08301','11','0',NULL),
	('bc0792efb0e14feca3e87ed5b60bf287','4226f5d40009414d854569158e5bcc44','3','0',NULL),
	('bc3589ab3cb14d89893b5dfa24cbe946','e2ae2d875fda4f0d9e9db79954c05834','6','0',NULL),
	('bc393288eb474da1b5b7c28cf9c46e09','f6781437795d48e5a74d6d43828208b0','9','0',NULL),
	('bc73430cbdeb432c9c2cb6cf8f5b9d5d','2055ff60abd4465c9d3c0934a2c43ba9','7','0',NULL),
	('bc88ddf4fe924fb897d93fb069e1bcc3','f0dff7a394e34f82a78a510fd0ceac02','6474fda3f35c4d1580b646a42f190cf7','0',NULL),
	('bcb78bfbfb1c45569ab5f3867f5d9ebe','cc4ca4ce262247adb662c3ce2631a1db','2','0',NULL),
	('bcf972eadc0e47038e9137ce9dce4aa2','7fe83bb7ca9a413bb37acac91215ea16','7','0',NULL),
	('bd9077c9154447dea2b1019290a6fe98','f0dff7a394e34f82a78a510fd0ceac02','da60c61cf2aa4cb2810c629c7045c538','0',NULL),
	('bddc75cc8dcc420f8f6023a2a340f291','28d2622a6e0a4ab485e1c082d30c75ef','9','0',NULL),
	('be13b6c7d2ef4afb9629a3c32310bc68','d59f683455884cd18d412879d6f9d042','12','0',NULL),
	('be19597554b94a6dacd76fd778c85174','8a14c7e5c5e2486ea004765160ee1324','8','0',NULL),
	('be95969ff93247c29d89392566fdf3f1','51649ecc4891453886fe523ff106ca8b','d355e9e6b4ad48a59fa0a983e8b7b583','0',NULL),
	('bef586d733cf4093a8f8e7f3cb0bb7f5','46a635664fb5420ea1aa533969a08301','10','0',NULL),
	('bf205161000c4a68988b91eeb586f05c','13d61fb791e64f41b94e856c3c446c1d','12','0',NULL),
	('c01f8fa7585e43b6ba15e881e8053e4e','393f25fd98c34992bcc72eea2929ea63','6','0',NULL),
	('c04451704997461a86a701fb85708ccc','f6781437795d48e5a74d6d43828208b0','8','0',NULL),
	('c053c4945f0e48859e2d78f599c83f2d','14535c661515479f954cf3a192a6329f','3','0',NULL),
	('c0f96c418d79454e8d70aff77728d451','4226f5d40009414d854569158e5bcc44','6d69972a880f4228b88f28254c3e417e','0',NULL),
	('c1988bf4eca34b2b83c804a1302276b9','48e71d295aed4d1c94eced78488abce1','9','0',NULL),
	('c224e47bc9e146acbb9715791d34794a','9b73f6e4d0ae4d23b1d98f4f8ca6873a','13','0',NULL),
	('c22a47519b224b91bf5666542084bde1','2757b0387e6c4449b3bac78ced1abf58','7','0',NULL),
	('c2a76b8aae5f43c887b800cb220fffda','46a635664fb5420ea1aa533969a08301','1','1','2015-11-02'),
	('c2cd380bd8f64a7cbbca04babc75b988','dba81703f6874b82935ca389317d6d19','8','0',NULL),
	('c2faec835ad94bb9af8d991a4cac87b2','03da36624829477493bfc949f22efdec','6','0',NULL),
	('c3f7f1daf93047b48b7f6afbfc5b879c','1a3428088ad347269b52ed50dfcb81c9','6','0',NULL),
	('c3fa4e736005461e8d862f203b37b4a4','46a635664fb5420ea1aa533969a08301','6','0',NULL),
	('c4d92abddbe04f549ffeea2d2b14210a','fcdd1348b7644afea196695b1eede954','5b61eb41f80f43c5b8e485866178f63d','0',NULL),
	('c523385c3b61485fb4c47da3bffb455c','638da80f1e8f4fc28c421d8febc9a7fe','4','0',NULL),
	('c53bdb731d1e476d9c8428f0bff2bece','dba81703f6874b82935ca389317d6d19','4','0',NULL),
	('c5b62b3a7ec541839928a5670af13555','4226f5d40009414d854569158e5bcc44','10','0',NULL),
	('c670586f2cfd426c9d229a1e38a089d1','2757b0387e6c4449b3bac78ced1abf58','12','0',NULL),
	('c7612230469b42288cbedd2133ea629a','7fe83bb7ca9a413bb37acac91215ea16','12','0',NULL),
	('c7614c06968944d69b3a5d3968342429','2757b0387e6c4449b3bac78ced1abf58','1','1','2015-11-02'),
	('c768363447da4ac59f72df4db2dcc246','5eb0dfee1de948348bbf7663c7c81854','11','0',NULL),
	('c79df692db0a4b7dad3f66ce2bc72546','fcdd1348b7644afea196695b1eede954','19e655ebcd844747aa0e46efe9870169','0',NULL),
	('c9d6f62797c144cd91b11fd5afb5a5a1','51649ecc4891453886fe523ff106ca8b','19e655ebcd844747aa0e46efe9870169','0',NULL),
	('cb2064c0981d4a4fabde36ca8fb47eaa','c3ac32da72644cd0805fa663bed26edf','4','0',NULL),
	('cb7b218088b14624a82bad3fb8220e36','1a3428088ad347269b52ed50dfcb81c9','1','0',NULL),
	('cbe658001b0d4f08bd7005e777c371a9','cd96f7d2cffe4c268e1fe8b93940f97a','9','0',NULL),
	('cbf64b39136e45f39d9602f3cbbc62a7','5eb0dfee1de948348bbf7663c7c81854','13','0',NULL),
	('cc7ef76c3a4240b6b8507c50182f6c21','fcdd1348b7644afea196695b1eede954','5ad0d1f9efdc44b481b02c26b67e832e','0',NULL),
	('cd46f43bc4934d1b9a2bcb8fc607f560','fcdd1348b7644afea196695b1eede954','8','0',NULL),
	('cd4a4399431b44599609115d26186512','1a3428088ad347269b52ed50dfcb81c9','2','0',NULL),
	('cd698972f50643e59680e305930e7035','fcdd1348b7644afea196695b1eede954','d42378c9621b4551a0c4c63c82f0aa33','0',NULL),
	('cee185522af948b4a43027519581ad26','13d61fb791e64f41b94e856c3c446c1d','2','0',NULL),
	('cee6b4e5e6464ed384ffe06279687331','f0dff7a394e34f82a78a510fd0ceac02','eca1a51b803449d59ce4e2a3b0f4f787','0',NULL),
	('cee92afd7f654a6a8a98449f919f5de2','c00f8c9d385042949724953f9a5faed9','1','1','2015-10-30'),
	('cf08226f7c30409facdb0c5e642ba9f4','1a3428088ad347269b52ed50dfcb81c9','4','0',NULL),
	('cfdc4e48539845d98f4a8e418199cd4b','227b389e540f4beb85a4448e00beac5d','9','0',NULL),
	('d0ba28e957424124a123dcec2eef3a2e','8ae80eff98be40aa9acdd2a01e6920ef','12','0',NULL),
	('d0e035a993324c48b4ab54e65c6343e3','8ae80eff98be40aa9acdd2a01e6920ef','11','0',NULL),
	('d135d17cf5dd4de6ab78bd73e0f46fe3','0191c8b6b276404881679e570778047e','d355e9e6b4ad48a59fa0a983e8b7b583','0',NULL),
	('d1e91a6b04134332a17ff3acfea50e13','39de39ff1ab74233bce9c5a913af2c9c','12','0',NULL),
	('d1f4e65e05b2476e9e7b809590bca150','03da36624829477493bfc949f22efdec','9','0',NULL),
	('d20161629ae94f63aae91b3de9ca3210','f0dff7a394e34f82a78a510fd0ceac02','8','0',NULL),
	('d2175c7c6ebc45ca85a011761b3d0045','2757b0387e6c4449b3bac78ced1abf58','9','0',NULL),
	('d21b81f2bc244e9a964722d7a84380fc','0f0f932cdbc14629aa94aba0bb333a06','5','0',NULL),
	('d21c190a84614fcea3d0bc03c23d5d19','46a635664fb5420ea1aa533969a08301','12','0',NULL),
	('d40effffe9e443e096664ec157f4a8fb','530b93241fc9479f9c6bbadb32b65149','7','0',NULL),
	('d4183fffcb7b4649ae077ed780698333','d59f683455884cd18d412879d6f9d042','2','0',NULL),
	('d490484cb9fb46e9a41d561deab62aac','227b389e540f4beb85a4448e00beac5d','10','0',NULL),
	('d49801a4390e47d7b2c586d34169fb98','2055ff60abd4465c9d3c0934a2c43ba9','10','0',NULL),
	('d580e993de3a45aeb0117ec6b56a0d45','39de39ff1ab74233bce9c5a913af2c9c','8','0',NULL),
	('d5c89baf40754d338425eb8febaa0403','c00f8c9d385042949724953f9a5faed9','13','0',NULL),
	('d64416f1f98c4d85a630778bb6a808a3','2b14a498414b44778cc100c2032e2c5a','8b454376c0434e2792a1dc57edf80dbd','0',NULL),
	('d65af4c12e5a483e9fbf55e3189b50d8','8d67574047ed4d7790381fb5fc4019a8','12','0',NULL),
	('d73fa9b775074d94bdff42749087cf13','1a3428088ad347269b52ed50dfcb81c9','11','0',NULL),
	('d7876494f5094d8885d382f417eb6513','e2ae2d875fda4f0d9e9db79954c05834','2','0',NULL),
	('d799a474279e49bdae11e24ff90f5eca','f0dff7a394e34f82a78a510fd0ceac02','bb81a0c098a444e69028380e80852d91','0',NULL),
	('d799c93869864a98ac8b1cde858d5de7','c3ac32da72644cd0805fa663bed26edf','6d69972a880f4228b88f28254c3e417e','0',NULL),
	('d8b661abfc9541c488d2836b1eb27ff5','2b14a498414b44778cc100c2032e2c5a','3f7ef2d4761f445e946413ab9bea23db','0',NULL),
	('d962e3fd408e4941932a15e285625b80','14535c661515479f954cf3a192a6329f','5','0',NULL),
	('d9ce8d88904949cebd9350efbe66e535','522ca59deba34f268077efd3c439eb3d','5091ca619fbf49209bce020859103ba5','0',NULL),
	('da96b798e02a42819b055c84bbdf73aa','14535c661515479f954cf3a192a6329f','12','0',NULL),
	('dac57037346f429f8c479a97744d0eea','638da80f1e8f4fc28c421d8febc9a7fe','19e655ebcd844747aa0e46efe9870169','0',NULL),
	('dc0614d187bd44b4873df6187f318e05','e48bb0cd337947dcad57ed1ba5036c0a','5','0',NULL),
	('dc66cfaf71674f72b4be47f039257941','0191c8b6b276404881679e570778047e','5b61eb41f80f43c5b8e485866178f63d','0',NULL),
	('dcb7106651a74917b36c7f9598a9fbc4','2b14a498414b44778cc100c2032e2c5a','1','0',NULL),
	('dcbb3ec285e04625af05ca9498021211','e48bb0cd337947dcad57ed1ba5036c0a','12','0',NULL),
	('dce6d6e8ab3645f7ae2318bcbb37e9d7','638da80f1e8f4fc28c421d8febc9a7fe','eca1a51b803449d59ce4e2a3b0f4f787','0',NULL),
	('dce7c0e9254b4195850bcf75ce28f5f1','14535c661515479f954cf3a192a6329f','8','0',NULL),
	('dd599af2bad740068e312f54d588ab0a','2b14a498414b44778cc100c2032e2c5a','9','0',NULL),
	('dd5cb62c1c624740a67ceb54cd606317','227b389e540f4beb85a4448e00beac5d','6','0',NULL),
	('ddda86cd6b7a46cda2a14bf332149ca6','48e71d295aed4d1c94eced78488abce1','4','0',NULL),
	('ddf0caa9581d401b8aa45524aa61b105','13d61fb791e64f41b94e856c3c446c1d','10','0',NULL),
	('de04988cdfec4c7ba8105b63c3f5583f','2055ff60abd4465c9d3c0934a2c43ba9','9','0',NULL),
	('de26a7f1ab2646ad94194742535dc608','4226f5d40009414d854569158e5bcc44','11','0',NULL),
	('de7c3786b285492790bc3c592f0d4966','fcdd1348b7644afea196695b1eede954','9','0',NULL),
	('de9c4009a28a4b4f9f37628f2a38fcaa','2055ff60abd4465c9d3c0934a2c43ba9','8','0',NULL),
	('df07298d754248ab9f4ba87b21ea68a4','0191c8b6b276404881679e570778047e','19e655ebcd844747aa0e46efe9870169','0',NULL),
	('df3131a956e044cdb6288dbe555c4a40','cd96f7d2cffe4c268e1fe8b93940f97a','3','0',NULL),
	('df96ae3bee0149f7adabab8e1b84bb16','7fe83bb7ca9a413bb37acac91215ea16','10','0',NULL),
	('e02c9fb93e6e421ebbb8e08e578123bc','39de39ff1ab74233bce9c5a913af2c9c','11','0',NULL),
	('e037f8fe57e649899aef38e4dc53cc57','522ca59deba34f268077efd3c439eb3d','cb359e3089224f97adae46cf03c0ed94','0',NULL),
	('e079010bd03a47afa7001e706abe7b93','530b93241fc9479f9c6bbadb32b65149','8','0',NULL),
	('e101e5fda5d840f1a22b83789e73e493','7fe83bb7ca9a413bb37acac91215ea16','3','0',NULL),
	('e1215d40a0d94357ae9502079f46af3c','5eb0dfee1de948348bbf7663c7c81854','10','0',NULL),
	('e13635002a534f2d92e9fb14cc6dc0a5','13d61fb791e64f41b94e856c3c446c1d','7','0',NULL),
	('e1e593b37e8547789e37e6d5c6315d52','8a14c7e5c5e2486ea004765160ee1324','8b454376c0434e2792a1dc57edf80dbd','0',NULL),
	('e1e7968219644139a78f29db78b6a6b4','f6781437795d48e5a74d6d43828208b0','3','0',NULL),
	('e2b7f1c3417644c3877321e15c682510','2055ff60abd4465c9d3c0934a2c43ba9','12','0',NULL),
	('e33900bcf3994b4c88af6f9a013b00cc','c76b572ff8884896a16a42c08ff2da95','3','0',NULL),
	('e35264ca816a46afaba9255bc561d3cf','4e5f48bc8efe4ef3806bd6da18dccc57','13','0',NULL),
	('e37d11789bd4489d8df7b4073bb2a2a0','8a14c7e5c5e2486ea004765160ee1324','f12330474f634e2897878e8f56a910ae','0',NULL),
	('e3bb99c7f2644b5aa169313532e85aa0','28d2622a6e0a4ab485e1c082d30c75ef','10','0',NULL),
	('e4723b5bf660481fa671089ff46afcc8','e48bb0cd337947dcad57ed1ba5036c0a','2','0',NULL),
	('e49627f6cad74b068ec669ded40c7614','638da80f1e8f4fc28c421d8febc9a7fe','3f7ef2d4761f445e946413ab9bea23db','0',NULL),
	('e4e9c3a4889b489da82353739b0e7e9a','227b389e540f4beb85a4448e00beac5d','2','0',NULL),
	('e4f29bf9437f42a09976f7a6978daf33','14535c661515479f954cf3a192a6329f','6d69972a880f4228b88f28254c3e417e','0',NULL),
	('e5244ccfdde24b76a626e72adab0fbc3','522ca59deba34f268077efd3c439eb3d','d355e9e6b4ad48a59fa0a983e8b7b583','0',NULL),
	('e53392a5e9d342f0a0fa592ec09c5500','88d32ebd5a5944ec92ebdf99cc00d356','11','0',NULL),
	('e562754e38354a48ac5019156e64e4e6','14535c661515479f954cf3a192a6329f','9','0',NULL),
	('e5628cd2f3744f19ade2d4de1ea1166e','522ca59deba34f268077efd3c439eb3d','d42378c9621b4551a0c4c63c82f0aa33','0',NULL),
	('e588afe33c234575b811e5c5b56860c3','cd96f7d2cffe4c268e1fe8b93940f97a','8','0',NULL),
	('e5f545fb272e429ea00e40a7c0abb4bc','393f25fd98c34992bcc72eea2929ea63','10','0',NULL),
	('e72dd6df344d40d884913383fff2e9ce','28d2622a6e0a4ab485e1c082d30c75ef','7','0',NULL),
	('e7b8135c64404c7592aeb87f6fbe3429','522ca59deba34f268077efd3c439eb3d','4639f877ec7149258cadcf145b4182a7','0',NULL),
	('e801730955104376a44c2cd5c5206fa5','e422136885a3473aa85f9f0749c75a78','5','0',NULL),
	('e82054e7858d4aa895af8c67c6209e04','227b389e540f4beb85a4448e00beac5d','13','0',NULL),
	('e83f630374a6418da685b9d5a63b1ca9','f6781437795d48e5a74d6d43828208b0','10','0',NULL),
	('e867d15b4b7b4eb589a7e45dba6ff1a6','28d2622a6e0a4ab485e1c082d30c75ef','12','0',NULL),
	('e8e230d0277c4b92befeb4b4709a28be','2b14a498414b44778cc100c2032e2c5a','8','0',NULL),
	('e8f0ed90496043f9ad41629946f68a2a','51649ecc4891453886fe523ff106ca8b','9','0',NULL),
	('e905ea570ce14214b1dba65d05e091e1','c76b572ff8884896a16a42c08ff2da95','4','0',NULL),
	('e92623eff5f94b6cac014d948773fb67','2b14a498414b44778cc100c2032e2c5a','bb81a0c098a444e69028380e80852d91','0',NULL),
	('e995b307259c4461848d925bda3d8a31','03da36624829477493bfc949f22efdec','4','0',NULL),
	('ea4bcbe0fe804333a20b4101334a10fb','0f0f932cdbc14629aa94aba0bb333a06','11','0',NULL),
	('eab8e1402e4a4ea58517323a5f8f010f','28d2622a6e0a4ab485e1c082d30c75ef','4','0',NULL),
	('eac2393beb5c4224ab195e7524038620','fcdd1348b7644afea196695b1eede954','f12330474f634e2897878e8f56a910ae','0',NULL),
	('eaf685c95903478c929b3faefb7547dd','51649ecc4891453886fe523ff106ca8b','8','0',NULL),
	('eb866519888d4a28b99c478ebf0a1b19','4226f5d40009414d854569158e5bcc44','da60c61cf2aa4cb2810c629c7045c538','0',NULL),
	('eb8730b9c1a04f23bf5da197ae9d5909','13d61fb791e64f41b94e856c3c446c1d','1','1','2015-11-10'),
	('ec7013a4ecb641068a23beafec961b3e','46a635664fb5420ea1aa533969a08301','2','0',NULL),
	('eccdb1ae52c24c7fbee6866f8781bcd6','cc4ca4ce262247adb662c3ce2631a1db','5','0',NULL),
	('ecd3a92cdf674277bbddac74713d5c2a','cc4ca4ce262247adb662c3ce2631a1db','9','0',NULL),
	('ecdc6f385d324fca9f893f5d0b9fd42e','8ae80eff98be40aa9acdd2a01e6920ef','6','0',NULL),
	('ed9a70fb752d4323b4e731d0025383fe','5eb0dfee1de948348bbf7663c7c81854','4','0',NULL),
	('edcb74e386e64ddcb79387c7aa3ad914','1a3428088ad347269b52ed50dfcb81c9','5','0',NULL),
	('ee033d370b894169adcc502cdef72a7a','28d2622a6e0a4ab485e1c082d30c75ef','8','0',NULL),
	('ee2ddc87896b497a9c002347f253e1eb','5eb0dfee1de948348bbf7663c7c81854','6','0',NULL),
	('eeb2bfe1168f4636aa431ddbc9de5c1a','46a635664fb5420ea1aa533969a08301','13','0',NULL),
	('eed21f8a809648bc95426a7c3fc09223','638da80f1e8f4fc28c421d8febc9a7fe','4639f877ec7149258cadcf145b4182a7','0',NULL),
	('eefbef7e7eae4083a281002386b59e97','530b93241fc9479f9c6bbadb32b65149','4','0',NULL),
	('ef5183c128ad43cd82aaead5c9803134','cd96f7d2cffe4c268e1fe8b93940f97a','5','0',NULL),
	('f0db0b07d4ec41e7b017c78ce30a18c8','1a3428088ad347269b52ed50dfcb81c9','10','0',NULL),
	('f0ed980b1cab492297def7b86d4f7432','e422136885a3473aa85f9f0749c75a78','3','0',NULL),
	('f10a409a624e44838c06f2d7d3923990','f0dff7a394e34f82a78a510fd0ceac02','7','0',NULL),
	('f12b0aeeef744dea993bcf54d6b10800','dba81703f6874b82935ca389317d6d19','10','0',NULL),
	('f1a78dd218664eae8fdb87cbaf35fa7b','28d2622a6e0a4ab485e1c082d30c75ef','13','0',NULL),
	('f25420b78ed84fa288252b8a28083962','dba81703f6874b82935ca389317d6d19','11','0',NULL),
	('f4642143bb1a4da1a245f216e86174e9','0f0f932cdbc14629aa94aba0bb333a06','4','0',NULL),
	('f4c87bfc60374d15afb69a7d51677a17','cc4ca4ce262247adb662c3ce2631a1db','4','0',NULL),
	('f4f16f3a27634ac7b9c236254ee712b4','fcdd1348b7644afea196695b1eede954','bb81a0c098a444e69028380e80852d91','0',NULL),
	('f4f98c817c24485da07d8c2543f535de','530b93241fc9479f9c6bbadb32b65149','2','0',NULL),
	('f50b9310c82941a684da97b9406eaf70','393f25fd98c34992bcc72eea2929ea63','3','0',NULL),
	('f5f92d9abe3b4b28a18e32625b8216fb','8a14c7e5c5e2486ea004765160ee1324','d42378c9621b4551a0c4c63c82f0aa33','0',NULL),
	('f6037272ff6f499b93af47e4131b7412','4e5f48bc8efe4ef3806bd6da18dccc57','6','0',NULL),
	('f65c31d42a1b4fb4b7b859edacc1f8e9','8ae80eff98be40aa9acdd2a01e6920ef','1','1','2015-11-10'),
	('f6d9bca8a2b94c26974ccd3d11b13fd7','c3ac32da72644cd0805fa663bed26edf','7','0',NULL),
	('f6f6364eae254a59ae49aa4441a916b3','c76b572ff8884896a16a42c08ff2da95','1','1','2015-11-02'),
	('f79ace9786fb4f85afe575bcd9578904','0f0f932cdbc14629aa94aba0bb333a06','6','0',NULL),
	('f7bf8f004ed84af5b584aff7cdbb0606','39de39ff1ab74233bce9c5a913af2c9c','3','0',NULL),
	('f7c0d34f764d4319a293ee48c01e561d','522ca59deba34f268077efd3c439eb3d','9','0',NULL),
	('f88293e176854317bb9c3c299ba9b840','39de39ff1ab74233bce9c5a913af2c9c','1','1','2015-11-02'),
	('f88a35866e18436bb97867220b0b2345','f3b7b7409d6642ac9e1249011915b65f','10','0',NULL),
	('f94dddcdc88744e5a503790ca8f3cddf','e2ae2d875fda4f0d9e9db79954c05834','5','0',NULL),
	('f9d35de186774cc09f5b0c06fd558ece','03da36624829477493bfc949f22efdec','12','0',NULL),
	('f9f1434b2d154e3c8c16bab172321c62','c3ac32da72644cd0805fa663bed26edf','6','0',NULL),
	('fa663f950c09485f8c32b370069804e1','46a635664fb5420ea1aa533969a08301','8','0',NULL),
	('fb5d4654922c4b28986c0bca0f2d3e30','cd96f7d2cffe4c268e1fe8b93940f97a','11','0',NULL),
	('fbb4504b2a39402780d96228d58a5782','c00f8c9d385042949724953f9a5faed9','7','0',NULL),
	('fc1f320b407143efaf5e14ac980e0c98','d59f683455884cd18d412879d6f9d042','4','0',NULL),
	('fc368e5f262f49399171fa193f54f554','522ca59deba34f268077efd3c439eb3d','1','1','2016-01-13'),
	('fcc7588d032944a5b4fdcc36333599fc','88d32ebd5a5944ec92ebdf99cc00d356','1','1','2015-11-06'),
	('fd195dc60f9f49f8aea5d5229848ab72','03da36624829477493bfc949f22efdec','13','0',NULL),
	('fe2d00cd9edc40bd881ce884d72eea31','9b73f6e4d0ae4d23b1d98f4f8ca6873a','10','0',NULL),
	('fea944dbcf464d63ad6ed7b7c0fd5f83','638da80f1e8f4fc28c421d8febc9a7fe','5ad0d1f9efdc44b481b02c26b67e832e','0',NULL),
	('fec1a845003b428894777fede9df03d6','8a14c7e5c5e2486ea004765160ee1324','4639f877ec7149258cadcf145b4182a7','0',NULL),
	('ffb53b7e968f43d49c566e67407920ab','dba81703f6874b82935ca389317d6d19','5','0',NULL);

/*!40000 ALTER TABLE `oa_notify_record` ENABLE KEYS */;
UNLOCK TABLES;


# Dump of table sys_area
# ------------------------------------------------------------

DROP TABLE IF EXISTS `sys_area`;

CREATE TABLE `sys_area` (
  `id` varchar(64) NOT NULL COMMENT '编号',
  `parent_id` varchar(64) NOT NULL COMMENT '父级编号',
  `parent_ids` varchar(2000) NOT NULL COMMENT '所有父级编号',
  `name` varchar(100) NOT NULL COMMENT '名称',
  `sort` decimal(10,0) NOT NULL COMMENT '排序',
  `code` varchar(100) DEFAULT NULL COMMENT '区域编码',
  `type` char(1) DEFAULT NULL COMMENT '区域类型',
  `create_by` varchar(64) NOT NULL COMMENT '创建者',
  `create_date` datetime NOT NULL COMMENT '创建时间',
  `update_by` varchar(64) NOT NULL COMMENT '更新者',
  `update_date` datetime NOT NULL COMMENT '更新时间',
  `remarks` varchar(255) DEFAULT NULL COMMENT '备注信息',
  `del_flag` char(1) NOT NULL DEFAULT '0' COMMENT '删除标记',
  PRIMARY KEY (`id`),
  KEY `sys_area_parent_id` (`parent_id`),
  KEY `sys_area_del_flag` (`del_flag`)
) ENGINE=InnoDB DEFAULT CHARSET=utf8 COMMENT='区域表';

LOCK TABLES `sys_area` WRITE;
/*!40000 ALTER TABLE `sys_area` DISABLE KEYS */;

INSERT INTO `sys_area` (`id`, `parent_id`, `parent_ids`, `name`, `sort`, `code`, `type`, `create_by`, `create_date`, `update_by`, `update_date`, `remarks`, `del_flag`)
VALUES
	('1','0','0,','中国',10,'100000','1','1','2013-05-27 08:00:00','1','2013-05-27 08:00:00',NULL,'0'),
	('17e8e72326574a0ea94b15d6eeddbb6d','364a832bee8a42afa333e338813330de','0,1,c11497c3311a4be29253f29bd59ab485,364a832bee8a42afa333e338813330de,','软件大道',30,'','4','1','2016-01-11 23:09:38','1','2016-01-11 23:09:38','','0'),
	('19298dc65ecd45cc803a6da294d1ff60','1','0,1,','北京',30,'','2','1','2016-01-15 19:55:09','1','2017-05-07 15:56:48','','0'),
	('364a832bee8a42afa333e338813330de','c11497c3311a4be29253f29bd59ab485','0,1,c11497c3311a4be29253f29bd59ab485,','南京',30,'','3','1','2015-12-24 21:38:02','1','2016-01-11 23:09:25','','0'),
	('90ecd439eb3845db97a627d9242145e8','1','0,1,','上海',30,'','2','1','2016-01-15 19:54:55','1','2016-01-15 19:54:55','','0'),
	('c11497c3311a4be29253f29bd59ab485','1','0,1,','江苏',30,'','2','1','2015-11-11 17:37:48','1','2015-11-11 17:38:14','','0'),
	('e418dc99691d4e29961d53ca218ece8b','1','0,1,','福建',30,'0100','2','1','2016-01-15 19:54:30','1','2016-01-15 19:54:30','','0'),
	('ee38f91df4444529b00f093be5a07b7a','e418dc99691d4e29961d53ca218ece8b','0,1,e418dc99691d4e29961d53ca218ece8b,','福州',30,'0200','1','1','2016-01-15 19:54:44','1','2016-01-15 19:54:44','','0');

/*!40000 ALTER TABLE `sys_area` ENABLE KEYS */;
UNLOCK TABLES;


# Dump of table sys_dict
# ------------------------------------------------------------

DROP TABLE IF EXISTS `sys_dict`;

CREATE TABLE `sys_dict` (
  `id` varchar(64) NOT NULL COMMENT '编号',
  `value` varchar(100) NOT NULL COMMENT '数据值',
  `label` varchar(100) NOT NULL COMMENT '标签名',
  `type` varchar(100) NOT NULL COMMENT '类型',
  `description` varchar(100) NOT NULL COMMENT '描述',
  `sort` decimal(10,0) NOT NULL COMMENT '排序（升序）',
  `parent_id` varchar(64) DEFAULT '0' COMMENT '父级编号',
  `create_by` varchar(64) NOT NULL COMMENT '创建者',
  `create_date` datetime NOT NULL COMMENT '创建时间',
  `update_by` varchar(64) NOT NULL COMMENT '更新者',
  `update_date` datetime NOT NULL COMMENT '更新时间',
  `remarks` varchar(255) DEFAULT NULL COMMENT '备注信息',
  `del_flag` char(1) NOT NULL DEFAULT '0' COMMENT '删除标记',
  PRIMARY KEY (`id`),
  KEY `sys_dict_value` (`value`),
  KEY `sys_dict_label` (`label`),
  KEY `sys_dict_del_flag` (`del_flag`)
) ENGINE=InnoDB DEFAULT CHARSET=utf8 COMMENT='字典表';

LOCK TABLES `sys_dict` WRITE;
/*!40000 ALTER TABLE `sys_dict` DISABLE KEYS */;

INSERT INTO `sys_dict` (`id`, `value`, `label`, `type`, `description`, `sort`, `parent_id`, `create_by`, `create_date`, `update_by`, `update_date`, `remarks`, `del_flag`)
VALUES
	('0a22f3278a624882a822e0820f27efcb','1','主表','table_type','表类型',20,'0','1','2016-01-05 21:47:14','1','2016-01-05 21:53:34','','0'),
	('1','0','正常','del_flag','删除标记',10,'0','1','2013-05-27 08:00:00','1','2013-05-27 08:00:00',NULL,'0'),
	('10','yellow','黄色','color','颜色值',40,'0','1','2013-05-27 08:00:00','1','2013-05-27 08:00:00',NULL,'0'),
	('100','java.util.Date','Date','gen_java_type','Java类型',50,'0','1','2013-10-28 08:00:00','1','2013-10-28 08:00:00',NULL,'1'),
	('101','com.thinkgem.jeesite.modules.sys.entity.User','User','gen_java_type','Java类型',60,'0','1','2013-10-28 08:00:00','1','2013-10-28 08:00:00',NULL,'1'),
	('102','com.thinkgem.jeesite.modules.sys.entity.Office','Office','gen_java_type','Java类型',70,'0','1','2013-10-28 08:00:00','1','2013-10-28 08:00:00',NULL,'1'),
	('103','com.thinkgem.jeesite.modules.sys.entity.Area','Area','gen_java_type','Java类型',80,'0','1','2013-10-28 08:00:00','1','2013-10-28 08:00:00',NULL,'1'),
	('104','Custom','Custom','gen_java_type','Java类型',90,'0','1','2013-10-28 08:00:00','1','2013-10-28 08:00:00',NULL,'1'),
	('105','1','会议通告','oa_notify_type','通知通告类型',10,'0','1','2013-11-08 08:00:00','1','2013-11-08 08:00:00',NULL,'0'),
	('106','2','奖惩通告','oa_notify_type','通知通告类型',20,'0','1','2013-11-08 08:00:00','1','2013-11-08 08:00:00',NULL,'0'),
	('107','3','活动通告','oa_notify_type','通知通告类型',30,'0','1','2013-11-08 08:00:00','1','2013-11-08 08:00:00',NULL,'0'),
	('108','0','草稿','oa_notify_status','通知通告状态',10,'0','1','2013-11-08 08:00:00','1','2013-11-08 08:00:00',NULL,'0'),
	('109','1','发布','oa_notify_status','通知通告状态',20,'0','1','2013-11-08 08:00:00','1','2013-11-08 08:00:00',NULL,'0'),
	('11','orange','橙色','color','颜色值',50,'0','1','2013-05-27 08:00:00','1','2013-05-27 08:00:00',NULL,'0'),
	('110','0','未读','oa_notify_read','通知通告状态',10,'0','1','2013-11-08 08:00:00','1','2013-11-08 08:00:00',NULL,'0'),
	('111','1','已读','oa_notify_read','通知通告状态',20,'0','1','2013-11-08 08:00:00','1','2013-11-08 08:00:00',NULL,'0'),
	('12','default','默认主题','theme','主题方案',10,'0','1','2013-05-27 08:00:00','1','2013-05-27 08:00:00',NULL,'0'),
	('13','cerulean','天蓝主题','theme','主题方案',20,'0','1','2013-05-27 08:00:00','1','2013-05-27 08:00:00',NULL,'0'),
	('14','readable','橙色主题','theme','主题方案',30,'0','1','2013-05-27 08:00:00','1','2013-05-27 08:00:00',NULL,'0'),
	('17','1','国家','sys_area_type','区域类型',10,'0','1','2013-05-27 08:00:00','1','2013-05-27 08:00:00',NULL,'0'),
	('18','2','省份、直辖市','sys_area_type','区域类型',20,'0','1','2013-05-27 08:00:00','1','2013-05-27 08:00:00',NULL,'0'),
	('19','3','地市','sys_area_type','区域类型',30,'0','1','2013-05-27 08:00:00','1','2013-05-27 08:00:00',NULL,'0'),
	('1c0ac576c33d41fcb4c16602bf4fad5d','post','post','interface_type','接口类型',20,'0','1','2015-11-30 15:52:25','1','2015-11-30 15:52:39','','0'),
	('2','1','删除','del_flag','删除标记',20,'0','1','2013-05-27 08:00:00','1','2013-05-27 08:00:00',NULL,'0'),
	('20','4','区县','sys_area_type','区域类型',40,'0','1','2013-05-27 08:00:00','1','2013-05-27 08:00:00',NULL,'0'),
	('200','0','未评估','opinion','未评估',1,'0','1','2017-05-15 16:17:00','1','2017-05-15 16:17:00',NULL,'0'),
	('201','1','正面','opinion','正面',1,'0','1','2017-05-15 16:17:00','1','2017-05-15 16:17:00',NULL,'0'),
	('202','2','负面','opinion','负面',1,'0','1','2017-05-15 16:17:00','1','2017-05-15 16:17:00',NULL,'0'),
	('203','3','中性','opinion','中性',1,'0','1','2017-05-15 16:17:00','1','2017-05-15 16:17:00',NULL,'0'),
	('21','1','公司','sys_office_type','机构类型',60,'0','1','2013-05-27 08:00:00','1','2013-05-27 08:00:00',NULL,'0'),
	('22','2','部门','sys_office_type','机构类型',70,'0','1','2013-05-27 08:00:00','1','2013-05-27 08:00:00',NULL,'0'),
	('221a918bd1e149239a17ab0fdeaf5ecd','get','get','interface_type','接口类型',10,'0','1','2015-11-30 15:51:56','1','2015-11-30 15:51:56','','0'),
	('23','3','小组','sys_office_type','机构类型',80,'0','1','2013-05-27 08:00:00','1','2013-05-27 08:00:00',NULL,'0'),
	('24','4','其它','sys_office_type','机构类型',90,'0','1','2013-05-27 08:00:00','1','2013-05-27 08:00:00',NULL,'0'),
	('25','1','综合部','sys_office_common','快捷通用部门',30,'0','1','2013-05-27 08:00:00','1','2013-05-27 08:00:00',NULL,'0'),
	('26','2','开发部','sys_office_common','快捷通用部门',40,'0','1','2013-05-27 08:00:00','1','2013-05-27 08:00:00',NULL,'0'),
	('27','3','人力部','sys_office_common','快捷通用部门',50,'0','1','2013-05-27 08:00:00','1','2013-05-27 08:00:00',NULL,'0'),
	('28','1','一级','sys_office_grade','机构等级',10,'0','1','2013-05-27 08:00:00','1','2013-05-27 08:00:00',NULL,'0'),
	('29','2','二级','sys_office_grade','机构等级',20,'0','1','2013-05-27 08:00:00','1','2013-05-27 08:00:00',NULL,'0'),
	('3','1','显示','show_hide','显示/隐藏',10,'0','1','2013-05-27 08:00:00','1','2013-05-27 08:00:00',NULL,'0'),
	('30','3','三级','sys_office_grade','机构等级',30,'0','1','2013-05-27 08:00:00','1','2013-05-27 08:00:00',NULL,'0'),
	('31','4','四级','sys_office_grade','机构等级',40,'0','1','2013-05-27 08:00:00','1','2013-05-27 08:00:00',NULL,'0'),
	('32','1','所有数据','sys_data_scope','数据范围',10,'0','1','2013-05-27 08:00:00','1','2013-05-27 08:00:00',NULL,'0'),
	('33','2','所在公司及以下数据','sys_data_scope','数据范围',20,'0','1','2013-05-27 08:00:00','1','2013-05-27 08:00:00',NULL,'0'),
	('34','3','所在公司数据','sys_data_scope','数据范围',30,'0','1','2013-05-27 08:00:00','1','2013-05-27 08:00:00',NULL,'0'),
	('35','4','所在部门及以下数据','sys_data_scope','数据范围',40,'0','1','2013-05-27 08:00:00','1','2013-05-27 08:00:00',NULL,'0'),
	('36','5','所在部门数据','sys_data_scope','数据范围',50,'0','1','2013-05-27 08:00:00','1','2013-05-27 08:00:00',NULL,'0'),
	('37','8','仅本人数据','sys_data_scope','数据范围',90,'0','1','2013-05-27 08:00:00','1','2013-05-27 08:00:00',NULL,'0'),
	('38','9','按明细设置','sys_data_scope','数据范围',100,'0','1','2013-05-27 08:00:00','1','2013-05-27 08:00:00',NULL,'0'),
	('39','1','系统管理','sys_user_type','用户类型',10,'0','1','2013-05-27 08:00:00','1','2013-05-27 08:00:00',NULL,'0'),
	('4','0','隐藏','show_hide','显示/隐藏',20,'0','1','2013-05-27 08:00:00','1','2013-05-27 08:00:00',NULL,'0'),
	('40','2','部门经理','sys_user_type','用户类型',20,'0','1','2013-05-27 08:00:00','1','2013-05-27 08:00:00',NULL,'0'),
	('41','3','普通用户','sys_user_type','用户类型',30,'0','1','2013-05-27 08:00:00','1','2013-05-27 08:00:00',NULL,'0'),
	('42','basic','基础主题','cms_theme','站点主题',10,'0','1','2013-05-27 08:00:00','1','2013-05-27 08:00:00',NULL,'1'),
	('43','blue','蓝色主题','cms_theme','站点主题',20,'0','1','2013-05-27 08:00:00','1','2013-05-27 08:00:00',NULL,'1'),
	('43c9472f411c4d3eafb3bf5319ffe499','2','异常报告','report_type','异常的报告',20,'0','1','2015-12-08 17:49:57','1','2015-12-08 17:49:57','','0'),
	('44','red','红色主题','cms_theme','站点主题',30,'0','1','2013-05-27 08:00:00','1','2013-05-27 08:00:00',NULL,'1'),
	('45','article','文章模型','cms_module','栏目模型',10,'0','1','2013-05-27 08:00:00','1','2013-05-27 08:00:00',NULL,'1'),
	('46','picture','图片模型','cms_module','栏目模型',20,'0','1','2013-05-27 08:00:00','1','2013-05-27 08:00:00',NULL,'1'),
	('47','download','下载模型','cms_module','栏目模型',30,'0','1','2013-05-27 08:00:00','1','2013-05-27 08:00:00',NULL,'1'),
	('48','link','链接模型','cms_module','栏目模型',40,'0','1','2013-05-27 08:00:00','1','2013-05-27 08:00:00',NULL,'1'),
	('49','special','专题模型','cms_module','栏目模型',50,'0','1','2013-05-27 08:00:00','1','2013-05-27 08:00:00',NULL,'1'),
	('5','1','是','yes_no','是/否',10,'0','1','2013-05-27 08:00:00','1','2013-05-27 08:00:00',NULL,'0'),
	('50','0','默认展现方式','cms_show_modes','展现方式',10,'0','1','2013-05-27 08:00:00','1','2013-05-27 08:00:00',NULL,'1'),
	('51','1','首栏目内容列表','cms_show_modes','展现方式',20,'0','1','2013-05-27 08:00:00','1','2013-05-27 08:00:00',NULL,'1'),
	('52','2','栏目第一条内容','cms_show_modes','展现方式',30,'0','1','2013-05-27 08:00:00','1','2013-05-27 08:00:00',NULL,'1'),
	('53','0','发布','cms_del_flag','内容状态',10,'0','1','2013-05-27 08:00:00','1','2013-05-27 08:00:00',NULL,'1'),
	('54','1','删除','cms_del_flag','内容状态',20,'0','1','2013-05-27 08:00:00','1','2013-05-27 08:00:00',NULL,'1'),
	('55','2','审核','cms_del_flag','内容状态',15,'0','1','2013-05-27 08:00:00','1','2013-05-27 08:00:00',NULL,'1'),
	('56','1','首页焦点图','cms_posid','推荐位',10,'0','1','2013-05-27 08:00:00','1','2013-05-27 08:00:00',NULL,'1'),
	('57','2','栏目页文章推荐','cms_posid','推荐位',20,'0','1','2013-05-27 08:00:00','1','2013-05-27 08:00:00',NULL,'1'),
	('58','1','咨询','cms_guestbook','留言板分类',10,'0','1','2013-05-27 08:00:00','1','2013-05-27 08:00:00',NULL,'1'),
	('59','2','建议','cms_guestbook','留言板分类',20,'0','1','2013-05-27 08:00:00','1','2013-05-27 08:00:00',NULL,'1'),
	('5b899603552c48519e7ba8eb9da0b41f','0','单表','table_type','表类型',10,'0','1','2016-01-05 21:46:39','1','2016-01-05 21:53:50','','0'),
	('6','0','否','yes_no','是/否',20,'0','1','2013-05-27 08:00:00','1','2013-05-27 08:00:00',NULL,'0'),
	('60','3','投诉','cms_guestbook','留言板分类',30,'0','1','2013-05-27 08:00:00','1','2013-05-27 08:00:00',NULL,'1'),
	('61','4','其它','cms_guestbook','留言板分类',40,'0','1','2013-05-27 08:00:00','1','2013-05-27 08:00:00',NULL,'1'),
	('62','1','公休','oa_leave_type','请假类型',10,'0','1','2013-05-27 08:00:00','1','2013-05-27 08:00:00',NULL,'0'),
	('63','2','病假','oa_leave_type','请假类型',20,'0','1','2013-05-27 08:00:00','1','2013-05-27 08:00:00',NULL,'0'),
	('638e9284e89b42119c10c0de75a48c15','0','未审核','audit_status','未审核',1,'0','1','2016-05-23 23:45:59','1','2016-05-29 00:06:24','','0'),
	('64','3','事假','oa_leave_type','请假类型',30,'0','1','2013-05-27 08:00:00','1','2013-05-27 08:00:00',NULL,'0'),
	('65','4','调休','oa_leave_type','请假类型',40,'0','1','2013-05-27 08:00:00','1','2013-05-27 08:00:00',NULL,'0'),
	('66','5','婚假','oa_leave_type','请假类型',60,'0','1','2013-05-27 08:00:00','1','2013-05-27 08:00:00',NULL,'0'),
	('67','1','接入日志','sys_log_type','日志类型',30,'0','1','2013-06-03 08:00:00','1','2013-06-03 08:00:00',NULL,'0'),
	('68','2','异常日志','sys_log_type','日志类型',40,'0','1','2013-06-03 08:00:00','1','2013-06-03 08:00:00',NULL,'0'),
	('680ddd8c91fe43588a7bb7aafe816633','1','正常报告','report_type','正常的报告',10,'0','1','2015-12-08 17:49:28','1','2015-12-08 17:49:28','正常的报告','0'),
	('69','leave','请假流程','act_type','流程类型',10,'0','1','2013-06-03 08:00:00','1','2013-06-03 08:00:00',NULL,'0'),
	('7','red','红色','color','颜色值',10,'0','1','2013-05-27 08:00:00','1','2013-05-27 08:00:00',NULL,'0'),
	('70','test_audit','审批测试流程','act_type','流程类型',20,'0','1','2013-06-03 08:00:00','1','2013-06-03 08:00:00',NULL,'0'),
	('71','1','分类1','act_category','流程分类',10,'0','1','2013-06-03 08:00:00','1','2015-11-06 16:08:42','','0'),
	('71804c6b820048b09c9f6f2c11121113','ace','ACE风格','theme','主题方案',15,'0','1','2016-04-20 21:57:21','1','2016-04-20 21:57:21','','0'),
	('72','2','分类2','act_category','流程分类',20,'0','1','2013-06-03 08:00:00','1','2013-06-03 08:00:00',NULL,'0'),
	('73','crud','增删改查','gen_category','代码生成分类',10,'0','1','2013-10-28 08:00:00','1','2013-10-28 08:00:00',NULL,'1'),
	('74','crud_many','增删改查（包含从表）','gen_category','代码生成分类',20,'0','1','2013-10-28 08:00:00','1','2013-10-28 08:00:00',NULL,'1'),
	('75','tree','树结构','gen_category','代码生成分类',30,'0','1','2013-10-28 08:00:00','1','2013-10-28 08:00:00',NULL,'1'),
	('76','=','=','gen_query_type','查询方式',10,'0','1','2013-10-28 08:00:00','1','2013-10-28 08:00:00',NULL,'1'),
	('77','!=','!=','gen_query_type','查询方式',20,'0','1','2013-10-28 08:00:00','1','2013-10-28 08:00:00',NULL,'1'),
	('78','&gt;','&gt;','gen_query_type','查询方式',30,'0','1','2013-10-28 08:00:00','1','2013-10-28 08:00:00',NULL,'1'),
	('79','&lt;','&lt;','gen_query_type','查询方式',40,'0','1','2013-10-28 08:00:00','1','2013-10-28 08:00:00',NULL,'1'),
	('8','green','绿色','color','颜色值',20,'0','1','2013-05-27 08:00:00','1','2013-05-27 08:00:00',NULL,'0'),
	('80','between','Between','gen_query_type','查询方式',50,'0','1','2013-10-28 08:00:00','1','2013-10-28 08:00:00',NULL,'1'),
	('81','like','Like','gen_query_type','查询方式',60,'0','1','2013-10-28 08:00:00','1','2013-10-28 08:00:00',NULL,'1'),
	('82','left_like','Left Like','gen_query_type','查询方式',70,'0','1','2013-10-28 08:00:00','1','2013-10-28 08:00:00',NULL,'1'),
	('83','right_like','Right Like','gen_query_type','查询方式',80,'0','1','2013-10-28 08:00:00','1','2013-10-28 08:00:00',NULL,'1'),
	('84','input','文本框','gen_show_type','字段生成方案',10,'0','1','2013-10-28 08:00:00','1','2013-10-28 08:00:00',NULL,'1'),
	('85','textarea','文本域','gen_show_type','字段生成方案',20,'0','1','2013-10-28 08:00:00','1','2013-10-28 08:00:00',NULL,'1'),
	('86','select','下拉框','gen_show_type','字段生成方案',30,'0','1','2013-10-28 08:00:00','1','2013-10-28 08:00:00',NULL,'1'),
	('87','checkbox','复选框','gen_show_type','字段生成方案',40,'0','1','2013-10-28 08:00:00','1','2013-10-28 08:00:00',NULL,'1'),
	('88','radiobox','单选框','gen_show_type','字段生成方案',50,'0','1','2013-10-28 08:00:00','1','2013-10-28 08:00:00',NULL,'1'),
	('89','dateselect','日期选择','gen_show_type','字段生成方案',60,'0','1','2013-10-28 08:00:00','1','2013-10-28 08:00:00',NULL,'1'),
	('8da7dcc97af046f8b77db35dab88c7e5','1','审核通过','audit_status','审核通过',2,'0','1','2016-05-23 23:46:23','1','2016-05-29 00:06:31','','0'),
	('9','blue','蓝色','color','颜色值',30,'0','1','2013-05-27 08:00:00','1','2013-05-27 08:00:00',NULL,'0'),
	('90','userselect','人员选择','gen_show_type','字段生成方案',70,'0','1','2013-10-28 08:00:00','1','2013-10-28 08:00:00',NULL,'1'),
	('91','officeselect','部门选择','gen_show_type','字段生成方案',80,'0','1','2013-10-28 08:00:00','1','2013-10-28 08:00:00',NULL,'1'),
	('92','areaselect','区域选择','gen_show_type','字段生成方案',90,'0','1','2013-10-28 08:00:00','1','2013-10-28 08:00:00',NULL,'1'),
	('93','String','String','gen_java_type','Java类型',10,'0','1','2013-10-28 08:00:00','1','2013-10-28 08:00:00',NULL,'1'),
	('94','Long','Long','gen_java_type','Java类型',20,'0','1','2013-10-28 08:00:00','1','2013-10-28 08:00:00',NULL,'1'),
	('95','dao','仅持久层','gen_category','代码生成分类',40,'0','1','2013-10-28 08:00:00','1','2013-10-28 08:00:00',NULL,'1'),
	('96','1','男','sex','性别',10,'0','1','2013-10-28 08:00:00','1','2013-10-28 08:00:00',NULL,'0'),
	('97','2','女','sex','性别',20,'0','1','2013-10-28 08:00:00','1','2013-10-28 08:00:00',NULL,'0'),
	('98','Integer','Integer','gen_java_type','Java类型',30,'0','1','2013-10-28 08:00:00','1','2013-10-28 08:00:00',NULL,'1'),
	('99','Double','Double','gen_java_type','Java类型',40,'0','1','2013-10-28 08:00:00','1','2013-10-28 08:00:00',NULL,'1'),
	('bde6043665ef4571b85d0edab667cd15','3','树结构表','table_type','表类型',40,'0','1','2016-01-06 19:48:50','1','2016-01-06 19:48:50','','0'),
	('cc94b0c5df554a46894991210a5fc486','2','附表','table_type','表类型',30,'0','1','2016-01-05 21:47:38','1','2016-01-05 21:53:44','','0'),
	('fabbaa2395a24aae8e89e986ad9a0477','3','审核不通过','audit_status','审核不通过',12,'0','1','2016-05-23 23:46:37','1','2016-05-23 23:46:37','','0');

/*!40000 ALTER TABLE `sys_dict` ENABLE KEYS */;
UNLOCK TABLES;


# Dump of table sys_log
# ------------------------------------------------------------

DROP TABLE IF EXISTS `sys_log`;

CREATE TABLE `sys_log` (
  `id` varchar(64) NOT NULL COMMENT '??',
  `type` char(1) DEFAULT '1' COMMENT '????',
  `title` varchar(255) DEFAULT '' COMMENT '????',
  `create_by` varchar(64) DEFAULT NULL COMMENT '???',
  `create_date` datetime DEFAULT NULL COMMENT '????',
  `remote_addr` varchar(255) DEFAULT NULL COMMENT '??IP??',
  `user_agent` varchar(255) DEFAULT NULL COMMENT '????',
  `request_uri` varchar(255) DEFAULT NULL COMMENT '??URI',
  `method` varchar(5) DEFAULT NULL COMMENT '????',
  `params` text COMMENT '???????',
  `exception` text COMMENT '????',
  PRIMARY KEY (`id`),
  KEY `sys_log_create_by` (`create_by`),
  KEY `sys_log_request_uri` (`request_uri`),
  KEY `sys_log_type` (`type`),
  KEY `sys_log_create_date` (`create_date`)
) ENGINE=InnoDB DEFAULT CHARSET=utf8 COMMENT='???';

LOCK TABLES `sys_log` WRITE;
/*!40000 ALTER TABLE `sys_log` DISABLE KEYS */;

INSERT INTO `sys_log` (`id`, `type`, `title`, `create_by`, `create_date`, `remote_addr`, `user_agent`, `request_uri`, `method`, `params`, `exception`)
VALUES
	('113d50d5a5344b2ca37013b884e1a628','1','通告管理-通告管理','1','2019-07-12 13:51:32','0:0:0:0:0:0:0:1','Mozilla/5.0 (Macintosh; Intel Mac OS X 10_14_4) AppleWebKit/537.36 (KHTML, like Gecko) Chrome/75.0.3770.100 Safari/537.36','/baseframe/a/oa/oaNotify','GET','',''),
	('1647d85b56c44c689392ce573bf5506b','1','系统监控-系统配置','1','2019-07-11 19:15:51','0:0:0:0:0:0:0:1','Mozilla/5.0 (Macintosh; Intel Mac OS X 10_14_4) AppleWebKit/537.36 (KHTML, like Gecko) Chrome/75.0.3770.100 Safari/537.36','/baseframe/a/sys/systemConfig','GET','',''),
	('26c592a8ef0f43fbb7e37ae65b9b6edf','1','系统设置-字典管理','1','2019-07-11 19:19:52','0:0:0:0:0:0:0:1','Mozilla/5.0 (Macintosh; Intel Mac OS X 10_14_4) AppleWebKit/537.36 (KHTML, like Gecko) Chrome/75.0.3770.100 Safari/537.36','/baseframe/a/sys/dict/','POST','pageNo=0&pageSize=10&orderBy=&type=yes_no&description=',''),
	('2af87891053f44749115394792afc13f','1','通告管理-我的通告','1','2019-07-11 19:15:47','0:0:0:0:0:0:0:1','Mozilla/5.0 (Macintosh; Intel Mac OS X 10_14_4) AppleWebKit/537.36 (KHTML, like Gecko) Chrome/75.0.3770.100 Safari/537.36','/baseframe/a/oa/oaNotify/self','GET','',''),
	('3aa0c12337554d878beaf1edb45961df','1','系统登录','1','2019-07-11 18:48:28','0:0:0:0:0:0:0:1','Mozilla/5.0 (Macintosh; Intel Mac OS X 10_14_4) AppleWebKit/537.36 (KHTML, like Gecko) Chrome/75.0.3770.100 Safari/537.36','/baseframe/a','GET','login=',''),
	('40057a785d8d45c4949cb20ae88ce9bc','1','我的面板-个人信息-test','1','2019-07-11 19:20:21','0:0:0:0:0:0:0:1','Mozilla/5.0 (Macintosh; Intel Mac OS X 10_14_4) AppleWebKit/537.36 (KHTML, like Gecko) Chrome/75.0.3770.100 Safari/537.36','/baseframe/a/sys/user/info','GET','',''),
	('4006cb5551b84e36884c424c9c18bde0','1','系统设置-角色管理-分配用户','1','2019-07-11 19:22:21','0:0:0:0:0:0:0:1','Mozilla/5.0 (Macintosh; Intel Mac OS X 10_14_4) AppleWebKit/537.36 (KHTML, like Gecko) Chrome/75.0.3770.100 Safari/537.36','/baseframe/a/sys/role/usertorole','GET','id=caacf61017114120bcf7bf1049b6d4c3',''),
	('404f7d09f8d84fd58eea024e96161a48','1','系统设置-区域管理','1','2019-07-11 19:19:30','0:0:0:0:0:0:0:1','Mozilla/5.0 (Macintosh; Intel Mac OS X 10_14_4) AppleWebKit/537.36 (KHTML, like Gecko) Chrome/75.0.3770.100 Safari/537.36','/baseframe/a/sys/area/','GET','',''),
	('4a4d23a3f5ff44dd95030146e4cb4a2e','1','通告管理-我的通告','1','2019-07-12 13:52:03','0:0:0:0:0:0:0:1','Mozilla/5.0 (Macintosh; Intel Mac OS X 10_14_4) AppleWebKit/537.36 (KHTML, like Gecko) Chrome/75.0.3770.100 Safari/537.36','/baseframe/a/oa/oaNotify/self','GET','',''),
	('54e2345850c7455eb8e4f912d3652382','1','通告管理-通告管理','1','2019-07-12 13:52:04','0:0:0:0:0:0:0:1','Mozilla/5.0 (Macintosh; Intel Mac OS X 10_14_4) AppleWebKit/537.36 (KHTML, like Gecko) Chrome/75.0.3770.100 Safari/537.36','/baseframe/a/oa/oaNotify','GET','',''),
	('583a6d705e0046f8beeb3266b51dea2e','1','系统设置-机构管理','1','2019-07-11 19:19:26','0:0:0:0:0:0:0:1','Mozilla/5.0 (Macintosh; Intel Mac OS X 10_14_4) AppleWebKit/537.36 (KHTML, like Gecko) Chrome/75.0.3770.100 Safari/537.36','/baseframe/a/sys/office/','GET','',''),
	('5ee8c8b6971f4fddb4212e930455ad4b','1','系统监控-系统监控管理','1','2019-07-11 19:18:00','0:0:0:0:0:0:0:1','Mozilla/5.0 (Macintosh; Intel Mac OS X 10_14_4) AppleWebKit/537.36 (KHTML, like Gecko) Chrome/75.0.3770.100 Safari/537.36','/baseframe/a/monitor/info','GET','',''),
	('6300263f4434444a82a9d4c307176425','1','系统设置-用户管理','1','2019-07-12 13:51:58','0:0:0:0:0:0:0:1','Mozilla/5.0 (Macintosh; Intel Mac OS X 10_14_4) AppleWebKit/537.36 (KHTML, like Gecko) Chrome/75.0.3770.100 Safari/537.36','/baseframe/a/sys/user/index','GET','',''),
	('6b5e9d4ce5c54052b3a88a6db4481be5','1','系统设置-角色管理','1','2019-07-11 19:22:18','0:0:0:0:0:0:0:1','Mozilla/5.0 (Macintosh; Intel Mac OS X 10_14_4) AppleWebKit/537.36 (KHTML, like Gecko) Chrome/75.0.3770.100 Safari/537.36','/baseframe/a/sys/role/','GET','repage=',''),
	('6e5bbaf436e94ad09d950b5d415b5eb5','1','系统设置-菜单管理','1','2019-07-11 19:19:24','0:0:0:0:0:0:0:1','Mozilla/5.0 (Macintosh; Intel Mac OS X 10_14_4) AppleWebKit/537.36 (KHTML, like Gecko) Chrome/75.0.3770.100 Safari/537.36','/baseframe/a/sys/menu/','GET','',''),
	('6f4859c334f646b68e3356b79a56dc9a','1','系统监控-日志查询','1','2019-07-11 19:21:40','0:0:0:0:0:0:0:1','Mozilla/5.0 (Macintosh; Intel Mac OS X 10_14_4) AppleWebKit/537.36 (KHTML, like Gecko) Chrome/75.0.3770.100 Safari/537.36','/baseframe/a/sys/log','GET','',''),
	('7177670f97be4b4b9f24f728a9194fd7','1','系统设置-菜单管理','1','2019-07-12 13:51:07','0:0:0:0:0:0:0:1','Mozilla/5.0 (Macintosh; Intel Mac OS X 10_14_4) AppleWebKit/537.36 (KHTML, like Gecko) Chrome/75.0.3770.100 Safari/537.36','/baseframe/a/sys/menu/','GET','',''),
	('83b914bd3ad84e5685b6b1e6e2539122','1','系统设置-字典管理','1','2019-07-11 19:19:44','0:0:0:0:0:0:0:1','Mozilla/5.0 (Macintosh; Intel Mac OS X 10_14_4) AppleWebKit/537.36 (KHTML, like Gecko) Chrome/75.0.3770.100 Safari/537.36','/baseframe/a/sys/dict/','GET','',''),
	('843056cb320941ba923f8341869746cf','1','通告管理-我的通告','1','2019-07-11 19:20:16','0:0:0:0:0:0:0:1','Mozilla/5.0 (Macintosh; Intel Mac OS X 10_14_4) AppleWebKit/537.36 (KHTML, like Gecko) Chrome/75.0.3770.100 Safari/537.36','/baseframe/a/oa/oaNotify/self','GET','',''),
	('8b0934dc968b419c9533b2e522d04c5c','1','系统设置-角色管理-删除','1','2019-07-11 19:22:18','0:0:0:0:0:0:0:1','Mozilla/5.0 (Macintosh; Intel Mac OS X 10_14_4) AppleWebKit/537.36 (KHTML, like Gecko) Chrome/75.0.3770.100 Safari/537.36','/baseframe/a/sys/role/delete','GET','id=a9e1ed39887440d6b25be75b8219145b',''),
	('8fa808d3386348d8b2c69f9e931d6659','1','系统监控-系统监控管理','1','2019-07-11 19:15:52','0:0:0:0:0:0:0:1','Mozilla/5.0 (Macintosh; Intel Mac OS X 10_14_4) AppleWebKit/537.36 (KHTML, like Gecko) Chrome/75.0.3770.100 Safari/537.36','/baseframe/a/monitor/info','GET','',''),
	('97a8c042d3104cb390aefddea9842172','1','系统登录','1','2019-07-11 19:15:40','0:0:0:0:0:0:0:1','Mozilla/5.0 (Macintosh; Intel Mac OS X 10_14_4) AppleWebKit/537.36 (KHTML, like Gecko) Chrome/75.0.3770.100 Safari/537.36','/baseframe/a','GET','login=',''),
	('c08246ac6b59424c9797fc28dcfc7847','1','我的面板-个人信息-test','1','2019-07-11 19:22:48','0:0:0:0:0:0:0:1','Mozilla/5.0 (Macintosh; Intel Mac OS X 10_14_4) AppleWebKit/537.36 (KHTML, like Gecko) Chrome/75.0.3770.100 Safari/537.36','/baseframe/a/sys/user/info','GET','',''),
	('cba7b4854ad444cab45a6f6df6c528f4','1','系统设置-用户管理','1','2019-07-11 19:19:56','0:0:0:0:0:0:0:1','Mozilla/5.0 (Macintosh; Intel Mac OS X 10_14_4) AppleWebKit/537.36 (KHTML, like Gecko) Chrome/75.0.3770.100 Safari/537.36','/baseframe/a/sys/user/index','GET','',''),
	('d1b0672bfd144cc48a89ebf3390ea270','1','系统登录','1','2019-07-12 13:51:02','0:0:0:0:0:0:0:1','Mozilla/5.0 (Macintosh; Intel Mac OS X 10_14_4) AppleWebKit/537.36 (KHTML, like Gecko) Chrome/75.0.3770.100 Safari/537.36','/baseframe/a','GET','login=',''),
	('d47d5299facf491da56baddbf34457c8','1','系统设置-角色管理','1','2019-07-11 19:22:14','0:0:0:0:0:0:0:1','Mozilla/5.0 (Macintosh; Intel Mac OS X 10_14_4) AppleWebKit/537.36 (KHTML, like Gecko) Chrome/75.0.3770.100 Safari/537.36','/baseframe/a/sys/role/','GET','repage=',''),
	('d86217946cde4c84a0756b256ab87eff','1','系统登录','1','2019-07-11 19:15:31','0:0:0:0:0:0:0:1','Mozilla/5.0 (Macintosh; Intel Mac OS X 10_14_4) AppleWebKit/537.36 (KHTML, like Gecko) Chrome/75.0.3770.100 Safari/537.36','/baseframe/a','GET','',''),
	('da5705e50f93418f8b2164a16cf89806','1','通告管理-我的通告','1','2019-07-12 13:51:21','0:0:0:0:0:0:0:1','Mozilla/5.0 (Macintosh; Intel Mac OS X 10_14_4) AppleWebKit/537.36 (KHTML, like Gecko) Chrome/75.0.3770.100 Safari/537.36','/baseframe/a/oa/oaNotify/self','GET','',''),
	('dfc248355b9b4a719af1c5c38d59c444','1','通告管理-通告管理','1','2019-07-11 19:20:18','0:0:0:0:0:0:0:1','Mozilla/5.0 (Macintosh; Intel Mac OS X 10_14_4) AppleWebKit/537.36 (KHTML, like Gecko) Chrome/75.0.3770.100 Safari/537.36','/baseframe/a/oa/oaNotify','GET','',''),
	('eab07cd9480341db936444585fcc49c2','1','系统设置-角色管理-分配用户','1','2019-07-11 19:22:20','0:0:0:0:0:0:0:1','Mozilla/5.0 (Macintosh; Intel Mac OS X 10_14_4) AppleWebKit/537.36 (KHTML, like Gecko) Chrome/75.0.3770.100 Safari/537.36','/baseframe/a/sys/role/assign','GET','id=caacf61017114120bcf7bf1049b6d4c3',''),
	('f1ccb2bb0704456da26fdad521231ee8','1','系统设置-角色管理','1','2019-07-11 19:19:28','0:0:0:0:0:0:0:1','Mozilla/5.0 (Macintosh; Intel Mac OS X 10_14_4) AppleWebKit/537.36 (KHTML, like Gecko) Chrome/75.0.3770.100 Safari/537.36','/baseframe/a/sys/role/','GET','','');

/*!40000 ALTER TABLE `sys_log` ENABLE KEYS */;
UNLOCK TABLES;


# Dump of table sys_mdict
# ------------------------------------------------------------

DROP TABLE IF EXISTS `sys_mdict`;

CREATE TABLE `sys_mdict` (
  `id` varchar(64) NOT NULL COMMENT '编号',
  `parent_id` varchar(64) NOT NULL COMMENT '父级编号',
  `parent_ids` varchar(2000) NOT NULL COMMENT '所有父级编号',
  `name` varchar(100) NOT NULL COMMENT '名称',
  `sort` decimal(10,0) NOT NULL COMMENT '排序',
  `description` varchar(100) DEFAULT NULL COMMENT '描述',
  `create_by` varchar(64) NOT NULL COMMENT '创建者',
  `create_date` datetime NOT NULL COMMENT '创建时间',
  `update_by` varchar(64) NOT NULL COMMENT '更新者',
  `update_date` datetime NOT NULL COMMENT '更新时间',
  `remarks` varchar(255) DEFAULT NULL COMMENT '备注信息',
  `del_flag` char(1) NOT NULL DEFAULT '0' COMMENT '删除标记',
  PRIMARY KEY (`id`),
  KEY `sys_mdict_parent_id` (`parent_id`),
  KEY `sys_mdict_del_flag` (`del_flag`)
) ENGINE=InnoDB DEFAULT CHARSET=utf8 COMMENT='多级字典表';



# Dump of table sys_menu
# ------------------------------------------------------------

DROP TABLE IF EXISTS `sys_menu`;

CREATE TABLE `sys_menu` (
  `id` varchar(64) NOT NULL COMMENT '编号',
  `parent_id` varchar(64) NOT NULL COMMENT '父级编号',
  `parent_ids` varchar(2000) NOT NULL COMMENT '所有父级编号',
  `name` varchar(100) NOT NULL COMMENT '名称',
  `sort` decimal(10,0) NOT NULL COMMENT '排序',
  `href` varchar(2000) DEFAULT NULL COMMENT '链接',
  `target` varchar(20) DEFAULT NULL COMMENT '目标',
  `icon` varchar(100) DEFAULT NULL COMMENT '图标',
  `is_show` char(1) NOT NULL COMMENT '是否在菜单中显示',
  `permission` varchar(200) DEFAULT NULL COMMENT '权限标识',
  `create_by` varchar(64) NOT NULL COMMENT '创建者',
  `create_date` datetime NOT NULL COMMENT '创建时间',
  `update_by` varchar(64) NOT NULL COMMENT '更新者',
  `update_date` datetime NOT NULL COMMENT '更新时间',
  `remarks` varchar(255) DEFAULT NULL COMMENT '备注信息',
  `del_flag` char(1) NOT NULL DEFAULT '0' COMMENT '删除标记',
  PRIMARY KEY (`id`),
  KEY `sys_menu_parent_id` (`parent_id`),
  KEY `sys_menu_del_flag` (`del_flag`)
) ENGINE=InnoDB DEFAULT CHARSET=utf8 COMMENT='菜单表';

LOCK TABLES `sys_menu` WRITE;
/*!40000 ALTER TABLE `sys_menu` DISABLE KEYS */;

INSERT INTO `sys_menu` (`id`, `parent_id`, `parent_ids`, `name`, `sort`, `href`, `target`, `icon`, `is_show`, `permission`, `create_by`, `create_date`, `update_by`, `update_date`, `remarks`, `del_flag`)
VALUES
	('1','0','0,','功能菜单',0,NULL,NULL,NULL,'1',NULL,'1','2013-05-27 08:00:00','1','2013-05-27 08:00:00',NULL,'0'),
	('10','3','0,1,3,','字典管理',60,'/sys/dict/','','th-list','1','sys:dict:list','1','2013-05-27 08:00:00','1','2015-12-24 22:23:07','','0'),
	('11','10','0,1,3,10,','查看',30,NULL,NULL,NULL,'0','sys:dict:view','1','2013-05-27 08:00:00','1','2013-05-27 08:00:00',NULL,'0'),
	('12','10','0,1,3,10,','修改',40,NULL,NULL,NULL,'0','sys:dict:edit','1','2013-05-27 08:00:00','1','2013-05-27 08:00:00',NULL,'0'),
	('13df8ffcff65469e831b6ea0b295b540','b49af91bd39b4f5692507c3d49b01b00','0,1,b49af91bd39b4f5692507c3d49b01b00,','通告管理',60,'/oa/oaNotify','','','1','oa:oaNotify:list','1','2017-07-05 11:48:38','1','2017-07-05 11:48:38','','0'),
	('14','3','0,1,3,','区域管理',50,'/sys/area/','','th','1','sys:area:list','1','2013-05-27 08:00:00','1','2015-12-24 21:35:11','','0'),
	('15','14','0,1,3,14,','查看',30,NULL,NULL,NULL,'0','sys:area:view','1','2013-05-27 08:00:00','1','2013-05-27 08:00:00',NULL,'0'),
	('16','14','0,1,3,14,','修改',40,NULL,NULL,NULL,'0','sys:area:edit','1','2013-05-27 08:00:00','1','2013-05-27 08:00:00',NULL,'0'),
	('17','3','0,1,3,','机构管理',40,'/sys/office/','','th-large','1','sys:office:index','1','2013-05-27 08:00:00','1','2015-12-20 21:32:26','','0'),
	('18','17','0,1,3,17,','查看',30,NULL,NULL,NULL,'0','sys:office:view','1','2013-05-27 08:00:00','1','2013-05-27 08:00:00',NULL,'0'),
	('19','17','0,1,3,17,','修改',40,NULL,NULL,NULL,'0','sys:office:edit','1','2013-05-27 08:00:00','1','2013-05-27 08:00:00',NULL,'0'),
	('1ac31d1fc8444c5cabe4cfb49ba71427','13df8ffcff65469e831b6ea0b295b540','0,1,b49af91bd39b4f5692507c3d49b01b00,13df8ffcff65469e831b6ea0b295b540,','修改',90,'','','','0','oa:oaNotify:edit','1','2017-07-05 11:50:51','1','2017-07-05 11:50:51','','0'),
	('20','3','0,1,3,','用户管理',30,'/sys/user/index','','icon-adjust','1','sys:user:index','1','2013-05-27 08:00:00','1','2015-12-19 21:46:20','','0'),
	('21','20','0,1,3,20,','查看',30,NULL,NULL,NULL,'0','sys:user:view','1','2013-05-27 08:00:00','1','2013-05-27 08:00:00',NULL,'0'),
	('21150865f33f47e9afa71e0884ff3165','b49af91bd39b4f5692507c3d49b01b00','0,1,b49af91bd39b4f5692507c3d49b01b00,','我的通告',30,'/oa/oaNotify/self','','','1','','1','2017-07-05 11:47:56','1','2017-07-05 11:47:56','','0'),
	('22','20','0,1,3,20,','修改',40,NULL,NULL,NULL,'0','sys:user:edit','1','2013-05-27 08:00:00','1','2013-05-27 08:00:00',NULL,'0'),
	('27','1','0,1,','我的面板',100,'','','fa-columns','1','','1','2013-05-27 08:00:00','1','2015-12-13 20:18:41','','0'),
	('29','27','0,1,27,','个人信息',30,'/sys/user/info','','icon-adjust','1','','1','2013-05-27 08:00:00','1','2016-03-27 22:43:46','','0'),
	('2a0f940fbe304a05a6b4040ddf6df279','20','0,1,3,20,','增加',70,'','','','0','sys:user:add','1','2015-12-19 21:47:00','1','2015-12-19 21:47:00','','0'),
	('3','1','0,1,','系统设置',800,'','','fa-cog','1','','1','2013-05-27 08:00:00','1','2015-11-04 17:27:37','','0'),
	('3c1c639c76f14f6f9903b0143371ea09','7','0,1,3,7,','添加',70,'','','','0','sys:role:add','1','2015-12-23 21:35:08','1','2015-12-23 21:36:18','','0'),
	('4','3','0,1,3,','菜单管理',30,'/sys/menu/','','list-alt','1','sys:menu:list','1','2013-05-27 08:00:00','1','2015-12-20 18:59:32','','0'),
	('5','4','0,1,3,4,','增加',30,'','','','0','sys:menu:add','1','2013-05-27 08:00:00','1','2015-12-20 19:00:22','','0'),
	('5239527958e94d418997b584b85d8b80','14','0,1,3,14,','删除',100,'','','','0','sys:area:del','1','2015-12-24 21:37:13','1','2015-12-24 21:37:13','','0'),
	('56','27','0,1,27,','文件管理',90,'/../static/ckfinder/ckfinder.html','','icon-zoom-out','1','','1','2013-05-27 08:00:00','1','2015-11-02 16:17:05','','0'),
	('57','56','0,1,27,40,56,','查看',30,NULL,NULL,NULL,'0','cms:ckfinder:view','1','2013-05-27 08:00:00','1','2013-05-27 08:00:00',NULL,'0'),
	('57f1f00d6cb14819bef388acd10e6f5a','68','0,1,67,68,','删除',60,'','','','0','sys:log:del','1','2015-12-25 20:25:55','1','2015-12-25 20:25:55','','0'),
	('58','56','0,1,27,40,56,','上传',40,NULL,NULL,NULL,'0','cms:ckfinder:upload','1','2013-05-27 08:00:00','1','2013-05-27 08:00:00',NULL,'0'),
	('59','56','0,1,27,40,56,','修改',50,NULL,NULL,NULL,'0','cms:ckfinder:edit','1','2013-05-27 08:00:00','1','2013-05-27 08:00:00',NULL,'0'),
	('6','4','0,1,3,4,','修改',40,NULL,NULL,NULL,'0','sys:menu:edit','1','2013-05-27 08:00:00','1','2013-05-27 08:00:00',NULL,'0'),
	('6509eed6eb634030a46723a18814035c','7','0,1,3,7,','分配用户',100,'','','','0','sys:role:assign','1','2015-12-23 21:35:37','1','2015-12-23 21:53:23','','0'),
	('67','1','0,1,','系统监控',985,'','','fa-video-camera','1','','1','2013-06-03 08:00:00','1','2016-03-05 10:18:41','','0'),
	('68','67','0,1,67,','日志查询',30,'/sys/log','','pencil','1','sys:log:list','1','2013-06-03 08:00:00','1','2015-12-25 20:26:16','','0'),
	('68f9151151174868ab436e11e03bf548','4','0,1,3,4,','删除',70,'','','','0','sys:menu:del','1','2015-12-20 19:01:16','1','2015-12-20 19:03:05','','0'),
	('6d3a6777693f47c98e9b3051cacbcfdb','10','0,1,3,10,','增加',70,'','','','0','sys:dict:add','1','2015-12-24 22:23:39','1','2015-12-24 22:24:22','','0'),
	('7','3','0,1,3,','角色管理',50,'/sys/role/','','lock','1','sys:role:list','1','2013-05-27 08:00:00','1','2015-12-23 21:33:46','','0'),
	('79f0ffa47dbe43ffa8824d97612d344f','4','0,1,3,4,','保存排序',100,'','','','0','sys:menu:updateSort','1','2015-12-20 19:02:08','1','2015-12-20 19:02:08','','0'),
	('79fca849d3da4a82a4ade3f6b9f45126','20','0,1,3,20,','删除',100,'','','','0','sys:user:del','1','2015-12-19 21:47:44','1','2015-12-19 21:48:52','','0'),
	('8','7','0,1,3,7,','查看',30,NULL,NULL,NULL,'0','sys:role:view','1','2013-05-27 08:00:00','1','2013-05-27 08:00:00',NULL,'0'),
	('84','67','0,1,67,','连接池监视',40,'/../druid',NULL,NULL,'1',NULL,'1','2013-10-18 08:00:00','1','2013-10-18 08:00:00',NULL,'0'),
	('87c7ac5c31184a59bc4fe29511f1626a','13df8ffcff65469e831b6ea0b295b540','0,1,b49af91bd39b4f5692507c3d49b01b00,13df8ffcff65469e831b6ea0b295b540,','查看',30,'','','','0','oa:oaNotify:view','1','2017-07-05 11:49:58','1','2017-07-05 11:49:58','','0'),
	('8930e4aad1ba4a1c958d303968d8c442','17','0,1,3,17,','删除',100,'','','','0','sys:office:del','1','2015-12-20 21:19:16','1','2015-12-20 21:19:16','','0'),
	('8e01a74a9ca94a26a5263769c354afb9','67','0,1,67,','系统配置',100,'/sys/systemConfig','','','1','sys:systemConfig:index','1','2016-02-07 16:25:22','1','2016-02-07 16:25:22','','0'),
	('9','7','0,1,3,7,','修改',40,NULL,NULL,NULL,'0','sys:role:edit','1','2013-05-27 08:00:00','1','2013-05-27 08:00:00',NULL,'0'),
	('91aa429a6cdc4a9b954d84ff1456934b','68','0,1,67,68,','查看',30,'','','','0','sys:log:view','1','2015-12-25 20:25:25','1','2015-12-25 20:25:25','','0'),
	('9bc1aa1053144a608b73f6fbd841d1c6','10','0,1,3,10,','删除',100,'','','','0','sys:dict:del','1','2015-12-24 22:24:04','1','2015-12-24 22:24:31','','0'),
	('9eaf52cea01d4c9f949633f368feb615','13df8ffcff65469e831b6ea0b295b540','0,1,b49af91bd39b4f5692507c3d49b01b00,13df8ffcff65469e831b6ea0b295b540,','删除',120,'','','','0','oa:oaNotify:del','1','2017-07-05 11:51:21','1','2017-07-05 11:51:21','','0'),
	('a4c3dcee6cbc4fc6a0bf617d8619edf3','17','0,1,3,17,','增加',70,'','','','0','sys:office:add','1','2015-12-20 21:18:52','1','2015-12-20 21:18:52','','0'),
	('b49af91bd39b4f5692507c3d49b01b00','1','0,1,','通告管理',500,'','','fa-bell','1','','1','2017-07-05 11:47:02','1','2017-07-05 11:47:02','','0'),
	('b9a776f5d7194406bb466388e3af9d08','20','0,1,3,20,','导出',160,'','','','0','sys:user:export','1','2015-12-19 21:48:34','1','2015-12-19 21:48:34','','0'),
	('c6e0080e06014abd9240f870aadf3200','14','0,1,3,14,','增加',70,'','','','0','sys:area:add','1','2015-12-24 21:35:39','1','2015-12-24 21:35:39','','0'),
	('ca31684d44814878ab9f29031f59c841','13df8ffcff65469e831b6ea0b295b540','0,1,b49af91bd39b4f5692507c3d49b01b00,13df8ffcff65469e831b6ea0b295b540,','增加',60,'','','','0','oa:oaNotify:add','1','2017-07-05 11:50:25','1','2017-07-05 11:50:25','','0'),
	('de7c50d276454f80881c41a096ecf55c','7','0,1,3,7,','删除',160,'','','','0','sys:role:del','1','2015-12-23 21:59:46','1','2015-12-23 21:59:46','','0'),
	('e3b80fae59ab4b4099d8349ecaf8c4dc','29','0,1,27,29,','test',30,'/sys/user/info','','','1','','1','2016-03-27 21:10:29','1','2016-03-27 22:43:57','','0'),
	('ec7cf7a144a440cab217aabd4ffb7788','4','0,1,3,4,','查看',130,'','','','0','sys:menu:view','1','2015-12-20 19:02:54','1','2015-12-20 19:02:54','','0'),
	('f18fac5c4e6145528f3c1d87dbcb37d5','67','0,1,67,','系统监控管理',70,'/monitor/info','','','1','','1','2016-02-02 22:49:07','1','2016-02-02 23:15:07','','0'),
	('f34887a78fa245c1977603ca7dc98e11','20','0,1,3,20,','导入',130,'','','','0','sys:user:import','1','2015-12-19 21:48:13','1','2015-12-19 21:48:44','','0'),
	('f93f9a3a2226461dace3b8992cf055ba','7','0,1,3,7,','权限设置',130,'','','','0','sys:role:auth','1','2015-12-23 21:36:06','1','2015-12-23 21:36:06','','0');

/*!40000 ALTER TABLE `sys_menu` ENABLE KEYS */;
UNLOCK TABLES;


# Dump of table sys_office
# ------------------------------------------------------------

DROP TABLE IF EXISTS `sys_office`;

CREATE TABLE `sys_office` (
  `id` varchar(64) NOT NULL COMMENT '编号',
  `parent_id` varchar(64) NOT NULL COMMENT '父级编号',
  `parent_ids` varchar(2000) NOT NULL COMMENT '所有父级编号',
  `name` varchar(100) NOT NULL COMMENT '名称',
  `sort` decimal(10,0) NOT NULL COMMENT '排序',
  `area_id` varchar(64) NOT NULL COMMENT '归属区域',
  `code` varchar(100) DEFAULT NULL COMMENT '区域编码',
  `type` char(1) NOT NULL COMMENT '机构类型',
  `grade` char(1) NOT NULL COMMENT '机构等级',
  `address` varchar(255) DEFAULT NULL COMMENT '联系地址',
  `zip_code` varchar(100) DEFAULT NULL COMMENT '邮政编码',
  `master` varchar(100) DEFAULT NULL COMMENT '负责人',
  `phone` varchar(200) DEFAULT NULL COMMENT '电话',
  `fax` varchar(200) DEFAULT NULL COMMENT '传真',
  `email` varchar(200) DEFAULT NULL COMMENT '邮箱',
  `USEABLE` varchar(64) DEFAULT NULL COMMENT '是否启用',
  `PRIMARY_PERSON` varchar(64) DEFAULT NULL COMMENT '主负责人',
  `DEPUTY_PERSON` varchar(64) DEFAULT NULL COMMENT '副负责人',
  `create_by` varchar(64) NOT NULL COMMENT '创建者',
  `create_date` datetime NOT NULL COMMENT '创建时间',
  `update_by` varchar(64) NOT NULL COMMENT '更新者',
  `update_date` datetime NOT NULL COMMENT '更新时间',
  `remarks` varchar(255) DEFAULT NULL COMMENT '备注信息',
  `del_flag` char(1) NOT NULL DEFAULT '0' COMMENT '删除标记',
  PRIMARY KEY (`id`),
  KEY `sys_office_parent_id` (`parent_id`),
  KEY `sys_office_del_flag` (`del_flag`),
  KEY `sys_office_type` (`type`)
) ENGINE=InnoDB DEFAULT CHARSET=utf8 COMMENT='机构表';

LOCK TABLES `sys_office` WRITE;
/*!40000 ALTER TABLE `sys_office` DISABLE KEYS */;

INSERT INTO `sys_office` (`id`, `parent_id`, `parent_ids`, `name`, `sort`, `area_id`, `code`, `type`, `grade`, `address`, `zip_code`, `master`, `phone`, `fax`, `email`, `USEABLE`, `PRIMARY_PERSON`, `DEPUTY_PERSON`, `create_by`, `create_date`, `update_by`, `update_date`, `remarks`, `del_flag`)
VALUES
	('0d3e20fb55e64861a296edd1a5c52441','1','0,1,','支持部',30,'19298dc65ecd45cc803a6da294d1ff60','123','2','1','','','','','','','1','','','1','2018-11-06 20:33:51','1','2018-11-06 20:33:51','','0'),
	('1','0','0,','总公司',10,'4d8ec70b0e0c4c97af07b97c9a906c40','100000','1','1','','','','','','','1','','','1','2013-05-27 08:00:00','1','2015-11-11 17:40:49','','0'),
	('4','1','0,1,','财务部',30,'17e8e72326574a0ea94b15d6eeddbb6d','100003','2','1','','','','','','','1','','','1','2013-05-27 08:00:00','1','2016-01-11 23:10:27','','0'),
	('5','1','0,1,','技术部',40,'2','100004','2','1',NULL,NULL,NULL,NULL,NULL,NULL,'1',NULL,NULL,'1','2013-05-27 08:00:00','1','2013-05-27 08:00:00',NULL,'0'),
	('6a642e140e40496a8d467c646b8e935e','1','0,1,','市场部',30,'17e8e72326574a0ea94b15d6eeddbb6d','1000','2','1','','','','','','','1','','','1','2015-12-03 18:10:13','1','2016-01-11 23:10:10','','0'),
	('e0ef8af9cae6416f8bb359714a1b4244','1','0,1,','行政部',30,'4d8ec70b0e0c4c97af07b97c9a906c40','','2','1','','','','','','','1','','','1','2015-11-11 17:41:41','1','2015-11-11 17:41:55','','0');

/*!40000 ALTER TABLE `sys_office` ENABLE KEYS */;
UNLOCK TABLES;


# Dump of table sys_role
# ------------------------------------------------------------

DROP TABLE IF EXISTS `sys_role`;

CREATE TABLE `sys_role` (
  `id` varchar(64) NOT NULL COMMENT '编号',
  `office_id` varchar(64) DEFAULT NULL COMMENT '归属机构',
  `name` varchar(100) NOT NULL COMMENT '角色名称',
  `enname` varchar(255) DEFAULT NULL COMMENT '英文名称',
  `role_type` varchar(255) DEFAULT NULL COMMENT '角色类型',
  `data_scope` char(1) DEFAULT NULL COMMENT '数据范围',
  `is_sys` varchar(64) DEFAULT NULL COMMENT '是否系统数据',
  `useable` varchar(64) DEFAULT NULL COMMENT '是否可用',
  `create_by` varchar(64) NOT NULL COMMENT '创建者',
  `create_date` datetime NOT NULL COMMENT '创建时间',
  `update_by` varchar(64) NOT NULL COMMENT '更新者',
  `update_date` datetime NOT NULL COMMENT '更新时间',
  `remarks` varchar(255) DEFAULT NULL COMMENT '备注信息',
  `del_flag` char(1) NOT NULL DEFAULT '0' COMMENT '删除标记',
  PRIMARY KEY (`id`),
  KEY `sys_role_del_flag` (`del_flag`),
  KEY `sys_role_enname` (`enname`)
) ENGINE=InnoDB DEFAULT CHARSET=utf8 COMMENT='角色表';

LOCK TABLES `sys_role` WRITE;
/*!40000 ALTER TABLE `sys_role` DISABLE KEYS */;

INSERT INTO `sys_role` (`id`, `office_id`, `name`, `enname`, `role_type`, `data_scope`, `is_sys`, `useable`, `create_by`, `create_date`, `update_by`, `update_date`, `remarks`, `del_flag`)
VALUES
	('1c54e003c1fc4dcd9b087ef8d48abac3','5','管理员','system','security-role','1','1','1','1','2015-11-11 15:59:43','1','2017-06-30 17:45:15','','0'),
	('5','5','本部门管理员1','c2','security-role','8','0','0','1','2013-05-27 08:00:00','1','2015-12-23 20:18:16','111111111','0'),
	('caacf61017114120bcf7bf1049b6d4c3','','部门管理员','depart','assignment','8','0','1','1','2015-11-13 10:54:36','1','2017-06-30 17:45:09','','0');

/*!40000 ALTER TABLE `sys_role` ENABLE KEYS */;
UNLOCK TABLES;


# Dump of table sys_role_menu
# ------------------------------------------------------------

DROP TABLE IF EXISTS `sys_role_menu`;

CREATE TABLE `sys_role_menu` (
  `role_id` varchar(64) NOT NULL COMMENT '角色编号',
  `menu_id` varchar(64) NOT NULL COMMENT '菜单编号',
  PRIMARY KEY (`role_id`,`menu_id`)
) ENGINE=InnoDB DEFAULT CHARSET=utf8 COMMENT='角色-菜单';

LOCK TABLES `sys_role_menu` WRITE;
/*!40000 ALTER TABLE `sys_role_menu` DISABLE KEYS */;

INSERT INTO `sys_role_menu` (`role_id`, `menu_id`)
VALUES
	('03fcd9c5c28948eb827fcd3b852494a6','0b2ebd4d639e4c2b83c2dd0764522f24'),
	('03fcd9c5c28948eb827fcd3b852494a6','0ca004d6b1bf4bcab9670a5060d82a55'),
	('03fcd9c5c28948eb827fcd3b852494a6','1'),
	('03fcd9c5c28948eb827fcd3b852494a6','10'),
	('03fcd9c5c28948eb827fcd3b852494a6','11'),
	('03fcd9c5c28948eb827fcd3b852494a6','12'),
	('03fcd9c5c28948eb827fcd3b852494a6','14'),
	('03fcd9c5c28948eb827fcd3b852494a6','15'),
	('03fcd9c5c28948eb827fcd3b852494a6','16'),
	('03fcd9c5c28948eb827fcd3b852494a6','17'),
	('03fcd9c5c28948eb827fcd3b852494a6','18'),
	('03fcd9c5c28948eb827fcd3b852494a6','19'),
	('03fcd9c5c28948eb827fcd3b852494a6','20'),
	('03fcd9c5c28948eb827fcd3b852494a6','21'),
	('03fcd9c5c28948eb827fcd3b852494a6','22'),
	('03fcd9c5c28948eb827fcd3b852494a6','27'),
	('03fcd9c5c28948eb827fcd3b852494a6','29'),
	('03fcd9c5c28948eb827fcd3b852494a6','2a0f940fbe304a05a6b4040ddf6df279'),
	('03fcd9c5c28948eb827fcd3b852494a6','3'),
	('03fcd9c5c28948eb827fcd3b852494a6','30'),
	('03fcd9c5c28948eb827fcd3b852494a6','3945952858c54ff6b928265e76416aa2'),
	('03fcd9c5c28948eb827fcd3b852494a6','3c92c17886944d0687e73e286cada573'),
	('03fcd9c5c28948eb827fcd3b852494a6','4'),
	('03fcd9c5c28948eb827fcd3b852494a6','4855cf3b25c244fb8500a380db189d97'),
	('03fcd9c5c28948eb827fcd3b852494a6','485c63cf6af1448880bb35b7b3f2bb1b'),
	('03fcd9c5c28948eb827fcd3b852494a6','4d463414bc974236941a6a14dc53c73a'),
	('03fcd9c5c28948eb827fcd3b852494a6','5'),
	('03fcd9c5c28948eb827fcd3b852494a6','54afcfd125024b6eaeab9c5c3cea0009'),
	('03fcd9c5c28948eb827fcd3b852494a6','56'),
	('03fcd9c5c28948eb827fcd3b852494a6','57'),
	('03fcd9c5c28948eb827fcd3b852494a6','58'),
	('03fcd9c5c28948eb827fcd3b852494a6','59'),
	('03fcd9c5c28948eb827fcd3b852494a6','5dfd09e5790b41388b8691ea9993eba5'),
	('03fcd9c5c28948eb827fcd3b852494a6','6'),
	('03fcd9c5c28948eb827fcd3b852494a6','62'),
	('03fcd9c5c28948eb827fcd3b852494a6','63'),
	('03fcd9c5c28948eb827fcd3b852494a6','64'),
	('03fcd9c5c28948eb827fcd3b852494a6','65'),
	('03fcd9c5c28948eb827fcd3b852494a6','66'),
	('03fcd9c5c28948eb827fcd3b852494a6','67'),
	('03fcd9c5c28948eb827fcd3b852494a6','68'),
	('03fcd9c5c28948eb827fcd3b852494a6','68f9151151174868ab436e11e03bf548'),
	('03fcd9c5c28948eb827fcd3b852494a6','69'),
	('03fcd9c5c28948eb827fcd3b852494a6','7'),
	('03fcd9c5c28948eb827fcd3b852494a6','70'),
	('03fcd9c5c28948eb827fcd3b852494a6','70de7eac2f3e4632b1b7aa3cd536b35a'),
	('03fcd9c5c28948eb827fcd3b852494a6','72'),
	('03fcd9c5c28948eb827fcd3b852494a6','73'),
	('03fcd9c5c28948eb827fcd3b852494a6','74'),
	('03fcd9c5c28948eb827fcd3b852494a6','75'),
	('03fcd9c5c28948eb827fcd3b852494a6','79'),
	('03fcd9c5c28948eb827fcd3b852494a6','79f0ffa47dbe43ffa8824d97612d344f'),
	('03fcd9c5c28948eb827fcd3b852494a6','79fca849d3da4a82a4ade3f6b9f45126'),
	('03fcd9c5c28948eb827fcd3b852494a6','7bd4484bd13c441395e44ab86772da00'),
	('03fcd9c5c28948eb827fcd3b852494a6','7ec930fe50fb41d0a9c7aeaa01804d16'),
	('03fcd9c5c28948eb827fcd3b852494a6','8'),
	('03fcd9c5c28948eb827fcd3b852494a6','80'),
	('03fcd9c5c28948eb827fcd3b852494a6','81'),
	('03fcd9c5c28948eb827fcd3b852494a6','82'),
	('03fcd9c5c28948eb827fcd3b852494a6','83'),
	('03fcd9c5c28948eb827fcd3b852494a6','84'),
	('03fcd9c5c28948eb827fcd3b852494a6','86'),
	('03fcd9c5c28948eb827fcd3b852494a6','87'),
	('03fcd9c5c28948eb827fcd3b852494a6','88'),
	('03fcd9c5c28948eb827fcd3b852494a6','89'),
	('03fcd9c5c28948eb827fcd3b852494a6','8930e4aad1ba4a1c958d303968d8c442'),
	('03fcd9c5c28948eb827fcd3b852494a6','9'),
	('03fcd9c5c28948eb827fcd3b852494a6','90'),
	('03fcd9c5c28948eb827fcd3b852494a6','95a6a82dc5fc4d07b46e5df57a0606a3'),
	('03fcd9c5c28948eb827fcd3b852494a6','a4c3dcee6cbc4fc6a0bf617d8619edf3'),
	('03fcd9c5c28948eb827fcd3b852494a6','a4cfc713c3c04c32a274fb59c71e34ed'),
	('03fcd9c5c28948eb827fcd3b852494a6','af0a174b4f424bc09a8cc0db83a64105'),
	('03fcd9c5c28948eb827fcd3b852494a6','afab2db430e2457f9cf3a11feaa8b869'),
	('03fcd9c5c28948eb827fcd3b852494a6','b1f6d1b86ba24365bae7fd86c5082317'),
	('03fcd9c5c28948eb827fcd3b852494a6','b9a776f5d7194406bb466388e3af9d08'),
	('03fcd9c5c28948eb827fcd3b852494a6','ba8092291b40482db8fe7fc006ea3d76'),
	('03fcd9c5c28948eb827fcd3b852494a6','c2e4d9082a0b4386884a0b203afe2c5c'),
	('03fcd9c5c28948eb827fcd3b852494a6','c99753f4ad0a4a458337b255c3b49095'),
	('03fcd9c5c28948eb827fcd3b852494a6','d15ec45a4c5449c3bbd7a61d5f9dd1d2'),
	('03fcd9c5c28948eb827fcd3b852494a6','df7ce823c5b24ff9bada43d992f373e2'),
	('03fcd9c5c28948eb827fcd3b852494a6','e2565667b9a745eb870debfd0830c46f'),
	('03fcd9c5c28948eb827fcd3b852494a6','e3e131bb489f43dd865280e4f5932b6d'),
	('03fcd9c5c28948eb827fcd3b852494a6','e4e64e24aa134deaa9d69c3b9495c997'),
	('03fcd9c5c28948eb827fcd3b852494a6','ec7cf7a144a440cab217aabd4ffb7788'),
	('03fcd9c5c28948eb827fcd3b852494a6','f34887a78fa245c1977603ca7dc98e11'),
	('03fcd9c5c28948eb827fcd3b852494a6','f9fe62186f0a4d7eada6c6827de79b26'),
	('1','0b2ebd4d639e4c2b83c2dd0764522f24'),
	('1','0ca004d6b1bf4bcab9670a5060d82a55'),
	('1','0fde32c6c8204f92a6846714821491f7'),
	('1','1'),
	('1','10'),
	('1','11'),
	('1','12'),
	('1','13'),
	('1','14'),
	('1','15'),
	('1','16'),
	('1','17'),
	('1','18'),
	('1','19'),
	('1','1dc794e30998444489db19eec02915c3'),
	('1','20'),
	('1','21'),
	('1','22'),
	('1','27'),
	('1','29'),
	('1','3'),
	('1','30'),
	('1','31'),
	('1','32'),
	('1','33'),
	('1','34'),
	('1','35'),
	('1','36'),
	('1','37'),
	('1','38'),
	('1','39'),
	('1','3c92c17886944d0687e73e286cada573'),
	('1','4'),
	('1','40'),
	('1','41'),
	('1','42'),
	('1','43'),
	('1','44'),
	('1','45'),
	('1','46'),
	('1','47'),
	('1','48'),
	('1','4855cf3b25c244fb8500a380db189d97'),
	('1','49'),
	('1','5'),
	('1','50'),
	('1','51'),
	('1','52'),
	('1','53'),
	('1','54'),
	('1','55'),
	('1','56'),
	('1','57'),
	('1','58'),
	('1','59'),
	('1','6'),
	('1','60'),
	('1','61'),
	('1','62'),
	('1','63'),
	('1','64'),
	('1','65'),
	('1','66'),
	('1','67'),
	('1','68'),
	('1','69'),
	('1','6d7e99b2edf44c96b8bbb9c1ef6dfe66'),
	('1','7'),
	('1','70'),
	('1','72'),
	('1','73'),
	('1','74'),
	('1','79'),
	('1','8'),
	('1','80'),
	('1','81'),
	('1','82'),
	('1','84'),
	('1','872d2edc3b61405eb1448355e8f2c556'),
	('1','88'),
	('1','89'),
	('1','9'),
	('1','90'),
	('1','afab2db430e2457f9cf3a11feaa8b869'),
	('1','b1f6d1b86ba24365bae7fd86c5082317'),
	('1','ba8092291b40482db8fe7fc006ea3d76'),
	('1','c2e4d9082a0b4386884a0b203afe2c5c'),
	('1','d15ec45a4c5449c3bbd7a61d5f9dd1d2'),
	('1','dcea8b88d08c4723878d372d2139448d'),
	('1','df7ce823c5b24ff9bada43d992f373e2'),
	('1c54e003c1fc4dcd9b087ef8d48abac3','0aa3712414d049a6a24e8bcddeae509a'),
	('1c54e003c1fc4dcd9b087ef8d48abac3','1'),
	('1c54e003c1fc4dcd9b087ef8d48abac3','10'),
	('1c54e003c1fc4dcd9b087ef8d48abac3','11'),
	('1c54e003c1fc4dcd9b087ef8d48abac3','12'),
	('1c54e003c1fc4dcd9b087ef8d48abac3','14'),
	('1c54e003c1fc4dcd9b087ef8d48abac3','15'),
	('1c54e003c1fc4dcd9b087ef8d48abac3','16'),
	('1c54e003c1fc4dcd9b087ef8d48abac3','17'),
	('1c54e003c1fc4dcd9b087ef8d48abac3','18'),
	('1c54e003c1fc4dcd9b087ef8d48abac3','19'),
	('1c54e003c1fc4dcd9b087ef8d48abac3','20'),
	('1c54e003c1fc4dcd9b087ef8d48abac3','21'),
	('1c54e003c1fc4dcd9b087ef8d48abac3','22'),
	('1c54e003c1fc4dcd9b087ef8d48abac3','27'),
	('1c54e003c1fc4dcd9b087ef8d48abac3','29'),
	('1c54e003c1fc4dcd9b087ef8d48abac3','2a0f940fbe304a05a6b4040ddf6df279'),
	('1c54e003c1fc4dcd9b087ef8d48abac3','3'),
	('1c54e003c1fc4dcd9b087ef8d48abac3','3c1c639c76f14f6f9903b0143371ea09'),
	('1c54e003c1fc4dcd9b087ef8d48abac3','4'),
	('1c54e003c1fc4dcd9b087ef8d48abac3','5'),
	('1c54e003c1fc4dcd9b087ef8d48abac3','5239527958e94d418997b584b85d8b80'),
	('1c54e003c1fc4dcd9b087ef8d48abac3','56'),
	('1c54e003c1fc4dcd9b087ef8d48abac3','57'),
	('1c54e003c1fc4dcd9b087ef8d48abac3','57f1f00d6cb14819bef388acd10e6f5a'),
	('1c54e003c1fc4dcd9b087ef8d48abac3','58'),
	('1c54e003c1fc4dcd9b087ef8d48abac3','59'),
	('1c54e003c1fc4dcd9b087ef8d48abac3','6'),
	('1c54e003c1fc4dcd9b087ef8d48abac3','6509eed6eb634030a46723a18814035c'),
	('1c54e003c1fc4dcd9b087ef8d48abac3','67'),
	('1c54e003c1fc4dcd9b087ef8d48abac3','68'),
	('1c54e003c1fc4dcd9b087ef8d48abac3','68f9151151174868ab436e11e03bf548'),
	('1c54e003c1fc4dcd9b087ef8d48abac3','6d3a6777693f47c98e9b3051cacbcfdb'),
	('1c54e003c1fc4dcd9b087ef8d48abac3','7'),
	('1c54e003c1fc4dcd9b087ef8d48abac3','79f0ffa47dbe43ffa8824d97612d344f'),
	('1c54e003c1fc4dcd9b087ef8d48abac3','79fca849d3da4a82a4ade3f6b9f45126'),
	('1c54e003c1fc4dcd9b087ef8d48abac3','8'),
	('1c54e003c1fc4dcd9b087ef8d48abac3','84'),
	('1c54e003c1fc4dcd9b087ef8d48abac3','8930e4aad1ba4a1c958d303968d8c442'),
	('1c54e003c1fc4dcd9b087ef8d48abac3','8e01a74a9ca94a26a5263769c354afb9'),
	('1c54e003c1fc4dcd9b087ef8d48abac3','9'),
	('1c54e003c1fc4dcd9b087ef8d48abac3','91aa429a6cdc4a9b954d84ff1456934b'),
	('1c54e003c1fc4dcd9b087ef8d48abac3','95a6a82dc5fc4d07b46e5df57a0606a3'),
	('1c54e003c1fc4dcd9b087ef8d48abac3','9bc1aa1053144a608b73f6fbd841d1c6'),
	('1c54e003c1fc4dcd9b087ef8d48abac3','9fdf5971a9e64fac8bbffec2825a5f97'),
	('1c54e003c1fc4dcd9b087ef8d48abac3','a4c3dcee6cbc4fc6a0bf617d8619edf3'),
	('1c54e003c1fc4dcd9b087ef8d48abac3','a7e276001e7c4b1096b143354fc75c8c'),
	('1c54e003c1fc4dcd9b087ef8d48abac3','af0a174b4f424bc09a8cc0db83a64105'),
	('1c54e003c1fc4dcd9b087ef8d48abac3','b9a776f5d7194406bb466388e3af9d08'),
	('1c54e003c1fc4dcd9b087ef8d48abac3','c6e0080e06014abd9240f870aadf3200'),
	('1c54e003c1fc4dcd9b087ef8d48abac3','de7c50d276454f80881c41a096ecf55c'),
	('1c54e003c1fc4dcd9b087ef8d48abac3','e3b80fae59ab4b4099d8349ecaf8c4dc'),
	('1c54e003c1fc4dcd9b087ef8d48abac3','ec7cf7a144a440cab217aabd4ffb7788'),
	('1c54e003c1fc4dcd9b087ef8d48abac3','f18fac5c4e6145528f3c1d87dbcb37d5'),
	('1c54e003c1fc4dcd9b087ef8d48abac3','f34887a78fa245c1977603ca7dc98e11'),
	('1c54e003c1fc4dcd9b087ef8d48abac3','f93f9a3a2226461dace3b8992cf055ba'),
	('2','0b2ebd4d639e4c2b83c2dd0764522f24'),
	('2','0ca004d6b1bf4bcab9670a5060d82a55'),
	('2','0fde32c6c8204f92a6846714821491f7'),
	('2','1'),
	('2','10'),
	('2','11'),
	('2','12'),
	('2','13'),
	('2','14'),
	('2','15'),
	('2','16'),
	('2','17'),
	('2','18'),
	('2','19'),
	('2','1dc794e30998444489db19eec02915c3'),
	('2','20'),
	('2','21'),
	('2','22'),
	('2','27'),
	('2','29'),
	('2','3'),
	('2','30'),
	('2','31'),
	('2','32'),
	('2','33'),
	('2','34'),
	('2','35'),
	('2','36'),
	('2','37'),
	('2','38'),
	('2','39'),
	('2','3c92c17886944d0687e73e286cada573'),
	('2','4'),
	('2','40'),
	('2','41'),
	('2','42'),
	('2','43'),
	('2','44'),
	('2','45'),
	('2','46'),
	('2','47'),
	('2','48'),
	('2','4855cf3b25c244fb8500a380db189d97'),
	('2','49'),
	('2','5'),
	('2','50'),
	('2','51'),
	('2','52'),
	('2','53'),
	('2','54'),
	('2','55'),
	('2','56'),
	('2','57'),
	('2','58'),
	('2','59'),
	('2','6'),
	('2','60'),
	('2','61'),
	('2','62'),
	('2','63'),
	('2','64'),
	('2','65'),
	('2','66'),
	('2','67'),
	('2','68'),
	('2','69'),
	('2','6d7e99b2edf44c96b8bbb9c1ef6dfe66'),
	('2','7'),
	('2','70'),
	('2','72'),
	('2','73'),
	('2','74'),
	('2','79'),
	('2','8'),
	('2','80'),
	('2','81'),
	('2','82'),
	('2','84'),
	('2','85'),
	('2','88'),
	('2','89'),
	('2','9'),
	('2','90'),
	('2','afab2db430e2457f9cf3a11feaa8b869'),
	('2','b1f6d1b86ba24365bae7fd86c5082317'),
	('2','ba8092291b40482db8fe7fc006ea3d76'),
	('2','c2e4d9082a0b4386884a0b203afe2c5c'),
	('2','d15ec45a4c5449c3bbd7a61d5f9dd1d2'),
	('2','dcea8b88d08c4723878d372d2139448d'),
	('2','df7ce823c5b24ff9bada43d992f373e2'),
	('3','0b2ebd4d639e4c2b83c2dd0764522f24'),
	('3','0ca004d6b1bf4bcab9670a5060d82a55'),
	('3','1'),
	('3','10'),
	('3','11'),
	('3','12'),
	('3','13'),
	('3','14'),
	('3','15'),
	('3','16'),
	('3','17'),
	('3','18'),
	('3','19'),
	('3','20'),
	('3','21'),
	('3','22'),
	('3','27'),
	('3','29'),
	('3','3'),
	('3','30'),
	('3','31'),
	('3','32'),
	('3','33'),
	('3','34'),
	('3','35'),
	('3','36'),
	('3','37'),
	('3','38'),
	('3','39'),
	('3','3c92c17886944d0687e73e286cada573'),
	('3','4'),
	('3','40'),
	('3','41'),
	('3','42'),
	('3','43'),
	('3','44'),
	('3','45'),
	('3','46'),
	('3','47'),
	('3','48'),
	('3','4855cf3b25c244fb8500a380db189d97'),
	('3','49'),
	('3','5'),
	('3','50'),
	('3','51'),
	('3','52'),
	('3','53'),
	('3','54'),
	('3','55'),
	('3','56'),
	('3','57'),
	('3','58'),
	('3','59'),
	('3','6'),
	('3','60'),
	('3','61'),
	('3','62'),
	('3','63'),
	('3','64'),
	('3','65'),
	('3','66'),
	('3','67'),
	('3','68'),
	('3','69'),
	('3','6d7e99b2edf44c96b8bbb9c1ef6dfe66'),
	('3','7'),
	('3','70'),
	('3','72'),
	('3','73'),
	('3','74'),
	('3','79'),
	('3','8'),
	('3','80'),
	('3','81'),
	('3','82'),
	('3','84'),
	('3','85'),
	('3','88'),
	('3','89'),
	('3','9'),
	('3','90'),
	('3','afab2db430e2457f9cf3a11feaa8b869'),
	('3','b1f6d1b86ba24365bae7fd86c5082317'),
	('3','ba8092291b40482db8fe7fc006ea3d76'),
	('3','c2e4d9082a0b4386884a0b203afe2c5c'),
	('3','d15ec45a4c5449c3bbd7a61d5f9dd1d2'),
	('3','dcea8b88d08c4723878d372d2139448d'),
	('3','df7ce823c5b24ff9bada43d992f373e2'),
	('5','0b2ebd4d639e4c2b83c2dd0764522f24'),
	('5','0ca004d6b1bf4bcab9670a5060d82a55'),
	('5','1'),
	('5','10'),
	('5','11'),
	('5','12'),
	('5','14'),
	('5','15'),
	('5','16'),
	('5','17'),
	('5','18'),
	('5','19'),
	('5','20'),
	('5','21'),
	('5','22'),
	('5','27'),
	('5','29'),
	('5','2a0f940fbe304a05a6b4040ddf6df279'),
	('5','3'),
	('5','30'),
	('5','3c92c17886944d0687e73e286cada573'),
	('5','4'),
	('5','4855cf3b25c244fb8500a380db189d97'),
	('5','4d463414bc974236941a6a14dc53c73a'),
	('5','5'),
	('5','56'),
	('5','57'),
	('5','58'),
	('5','59'),
	('5','6'),
	('5','62'),
	('5','63'),
	('5','64'),
	('5','65'),
	('5','66'),
	('5','67'),
	('5','68'),
	('5','68f9151151174868ab436e11e03bf548'),
	('5','69'),
	('5','7'),
	('5','70'),
	('5','70de7eac2f3e4632b1b7aa3cd536b35a'),
	('5','72'),
	('5','73'),
	('5','74'),
	('5','75'),
	('5','79'),
	('5','79f0ffa47dbe43ffa8824d97612d344f'),
	('5','79fca849d3da4a82a4ade3f6b9f45126'),
	('5','7ec930fe50fb41d0a9c7aeaa01804d16'),
	('5','8'),
	('5','80'),
	('5','81'),
	('5','82'),
	('5','83'),
	('5','84'),
	('5','86'),
	('5','87'),
	('5','88'),
	('5','89'),
	('5','8930e4aad1ba4a1c958d303968d8c442'),
	('5','9'),
	('5','90'),
	('5','95a6a82dc5fc4d07b46e5df57a0606a3'),
	('5','a4c3dcee6cbc4fc6a0bf617d8619edf3'),
	('5','a4cfc713c3c04c32a274fb59c71e34ed'),
	('5','af0a174b4f424bc09a8cc0db83a64105'),
	('5','afab2db430e2457f9cf3a11feaa8b869'),
	('5','b1f6d1b86ba24365bae7fd86c5082317'),
	('5','b9a776f5d7194406bb466388e3af9d08'),
	('5','ba8092291b40482db8fe7fc006ea3d76'),
	('5','c2e4d9082a0b4386884a0b203afe2c5c'),
	('5','d15ec45a4c5449c3bbd7a61d5f9dd1d2'),
	('5','df7ce823c5b24ff9bada43d992f373e2'),
	('5','e2565667b9a745eb870debfd0830c46f'),
	('5','e4e64e24aa134deaa9d69c3b9495c997'),
	('5','ec7cf7a144a440cab217aabd4ffb7788'),
	('5','f34887a78fa245c1977603ca7dc98e11'),
	('5','f9fe62186f0a4d7eada6c6827de79b26'),
	('78cf5521ff9e43ed80266adeff67d5ed','0b2ebd4d639e4c2b83c2dd0764522f24'),
	('78cf5521ff9e43ed80266adeff67d5ed','0ca004d6b1bf4bcab9670a5060d82a55'),
	('78cf5521ff9e43ed80266adeff67d5ed','1'),
	('78cf5521ff9e43ed80266adeff67d5ed','10'),
	('78cf5521ff9e43ed80266adeff67d5ed','11'),
	('78cf5521ff9e43ed80266adeff67d5ed','12'),
	('78cf5521ff9e43ed80266adeff67d5ed','14'),
	('78cf5521ff9e43ed80266adeff67d5ed','15'),
	('78cf5521ff9e43ed80266adeff67d5ed','16'),
	('78cf5521ff9e43ed80266adeff67d5ed','17'),
	('78cf5521ff9e43ed80266adeff67d5ed','18'),
	('78cf5521ff9e43ed80266adeff67d5ed','19'),
	('78cf5521ff9e43ed80266adeff67d5ed','20'),
	('78cf5521ff9e43ed80266adeff67d5ed','21'),
	('78cf5521ff9e43ed80266adeff67d5ed','22'),
	('78cf5521ff9e43ed80266adeff67d5ed','27'),
	('78cf5521ff9e43ed80266adeff67d5ed','29'),
	('78cf5521ff9e43ed80266adeff67d5ed','2a0f940fbe304a05a6b4040ddf6df279'),
	('78cf5521ff9e43ed80266adeff67d5ed','3'),
	('78cf5521ff9e43ed80266adeff67d5ed','30'),
	('78cf5521ff9e43ed80266adeff67d5ed','3945952858c54ff6b928265e76416aa2'),
	('78cf5521ff9e43ed80266adeff67d5ed','3c92c17886944d0687e73e286cada573'),
	('78cf5521ff9e43ed80266adeff67d5ed','4'),
	('78cf5521ff9e43ed80266adeff67d5ed','4855cf3b25c244fb8500a380db189d97'),
	('78cf5521ff9e43ed80266adeff67d5ed','485c63cf6af1448880bb35b7b3f2bb1b'),
	('78cf5521ff9e43ed80266adeff67d5ed','4d463414bc974236941a6a14dc53c73a'),
	('78cf5521ff9e43ed80266adeff67d5ed','5'),
	('78cf5521ff9e43ed80266adeff67d5ed','54afcfd125024b6eaeab9c5c3cea0009'),
	('78cf5521ff9e43ed80266adeff67d5ed','56'),
	('78cf5521ff9e43ed80266adeff67d5ed','57'),
	('78cf5521ff9e43ed80266adeff67d5ed','58'),
	('78cf5521ff9e43ed80266adeff67d5ed','59'),
	('78cf5521ff9e43ed80266adeff67d5ed','5dfd09e5790b41388b8691ea9993eba5'),
	('78cf5521ff9e43ed80266adeff67d5ed','6'),
	('78cf5521ff9e43ed80266adeff67d5ed','62'),
	('78cf5521ff9e43ed80266adeff67d5ed','63'),
	('78cf5521ff9e43ed80266adeff67d5ed','64'),
	('78cf5521ff9e43ed80266adeff67d5ed','65'),
	('78cf5521ff9e43ed80266adeff67d5ed','66'),
	('78cf5521ff9e43ed80266adeff67d5ed','67'),
	('78cf5521ff9e43ed80266adeff67d5ed','68'),
	('78cf5521ff9e43ed80266adeff67d5ed','68f9151151174868ab436e11e03bf548'),
	('78cf5521ff9e43ed80266adeff67d5ed','69'),
	('78cf5521ff9e43ed80266adeff67d5ed','7'),
	('78cf5521ff9e43ed80266adeff67d5ed','70'),
	('78cf5521ff9e43ed80266adeff67d5ed','70de7eac2f3e4632b1b7aa3cd536b35a'),
	('78cf5521ff9e43ed80266adeff67d5ed','72'),
	('78cf5521ff9e43ed80266adeff67d5ed','73'),
	('78cf5521ff9e43ed80266adeff67d5ed','74'),
	('78cf5521ff9e43ed80266adeff67d5ed','75'),
	('78cf5521ff9e43ed80266adeff67d5ed','79'),
	('78cf5521ff9e43ed80266adeff67d5ed','79f0ffa47dbe43ffa8824d97612d344f'),
	('78cf5521ff9e43ed80266adeff67d5ed','79fca849d3da4a82a4ade3f6b9f45126'),
	('78cf5521ff9e43ed80266adeff67d5ed','7bd4484bd13c441395e44ab86772da00'),
	('78cf5521ff9e43ed80266adeff67d5ed','7ec930fe50fb41d0a9c7aeaa01804d16'),
	('78cf5521ff9e43ed80266adeff67d5ed','8'),
	('78cf5521ff9e43ed80266adeff67d5ed','80'),
	('78cf5521ff9e43ed80266adeff67d5ed','81'),
	('78cf5521ff9e43ed80266adeff67d5ed','82'),
	('78cf5521ff9e43ed80266adeff67d5ed','83'),
	('78cf5521ff9e43ed80266adeff67d5ed','84'),
	('78cf5521ff9e43ed80266adeff67d5ed','85'),
	('78cf5521ff9e43ed80266adeff67d5ed','86'),
	('78cf5521ff9e43ed80266adeff67d5ed','87'),
	('78cf5521ff9e43ed80266adeff67d5ed','88'),
	('78cf5521ff9e43ed80266adeff67d5ed','89'),
	('78cf5521ff9e43ed80266adeff67d5ed','8930e4aad1ba4a1c958d303968d8c442'),
	('78cf5521ff9e43ed80266adeff67d5ed','9'),
	('78cf5521ff9e43ed80266adeff67d5ed','90'),
	('78cf5521ff9e43ed80266adeff67d5ed','95a6a82dc5fc4d07b46e5df57a0606a3'),
	('78cf5521ff9e43ed80266adeff67d5ed','a4c3dcee6cbc4fc6a0bf617d8619edf3'),
	('78cf5521ff9e43ed80266adeff67d5ed','a4cfc713c3c04c32a274fb59c71e34ed'),
	('78cf5521ff9e43ed80266adeff67d5ed','af0a174b4f424bc09a8cc0db83a64105'),
	('78cf5521ff9e43ed80266adeff67d5ed','afab2db430e2457f9cf3a11feaa8b869'),
	('78cf5521ff9e43ed80266adeff67d5ed','b1f6d1b86ba24365bae7fd86c5082317'),
	('78cf5521ff9e43ed80266adeff67d5ed','b9a776f5d7194406bb466388e3af9d08'),
	('78cf5521ff9e43ed80266adeff67d5ed','ba8092291b40482db8fe7fc006ea3d76'),
	('78cf5521ff9e43ed80266adeff67d5ed','c2e4d9082a0b4386884a0b203afe2c5c'),
	('78cf5521ff9e43ed80266adeff67d5ed','c99753f4ad0a4a458337b255c3b49095'),
	('78cf5521ff9e43ed80266adeff67d5ed','d15ec45a4c5449c3bbd7a61d5f9dd1d2'),
	('78cf5521ff9e43ed80266adeff67d5ed','df7ce823c5b24ff9bada43d992f373e2'),
	('78cf5521ff9e43ed80266adeff67d5ed','e2565667b9a745eb870debfd0830c46f'),
	('78cf5521ff9e43ed80266adeff67d5ed','e3e131bb489f43dd865280e4f5932b6d'),
	('78cf5521ff9e43ed80266adeff67d5ed','e4e64e24aa134deaa9d69c3b9495c997'),
	('78cf5521ff9e43ed80266adeff67d5ed','ec7cf7a144a440cab217aabd4ffb7788'),
	('78cf5521ff9e43ed80266adeff67d5ed','f34887a78fa245c1977603ca7dc98e11'),
	('78cf5521ff9e43ed80266adeff67d5ed','f9fe62186f0a4d7eada6c6827de79b26'),
	('91766cc228e34269a65f0564ba956bd7','0b2ebd4d639e4c2b83c2dd0764522f24'),
	('91766cc228e34269a65f0564ba956bd7','0ca004d6b1bf4bcab9670a5060d82a55'),
	('91766cc228e34269a65f0564ba956bd7','1'),
	('91766cc228e34269a65f0564ba956bd7','10'),
	('91766cc228e34269a65f0564ba956bd7','11'),
	('91766cc228e34269a65f0564ba956bd7','12'),
	('91766cc228e34269a65f0564ba956bd7','14'),
	('91766cc228e34269a65f0564ba956bd7','15'),
	('91766cc228e34269a65f0564ba956bd7','16'),
	('91766cc228e34269a65f0564ba956bd7','17'),
	('91766cc228e34269a65f0564ba956bd7','18'),
	('91766cc228e34269a65f0564ba956bd7','19'),
	('91766cc228e34269a65f0564ba956bd7','20'),
	('91766cc228e34269a65f0564ba956bd7','21'),
	('91766cc228e34269a65f0564ba956bd7','22'),
	('91766cc228e34269a65f0564ba956bd7','27'),
	('91766cc228e34269a65f0564ba956bd7','29'),
	('91766cc228e34269a65f0564ba956bd7','2a0f940fbe304a05a6b4040ddf6df279'),
	('91766cc228e34269a65f0564ba956bd7','3'),
	('91766cc228e34269a65f0564ba956bd7','30'),
	('91766cc228e34269a65f0564ba956bd7','3945952858c54ff6b928265e76416aa2'),
	('91766cc228e34269a65f0564ba956bd7','3c1c639c76f14f6f9903b0143371ea09'),
	('91766cc228e34269a65f0564ba956bd7','3c92c17886944d0687e73e286cada573'),
	('91766cc228e34269a65f0564ba956bd7','4'),
	('91766cc228e34269a65f0564ba956bd7','4855cf3b25c244fb8500a380db189d97'),
	('91766cc228e34269a65f0564ba956bd7','485c63cf6af1448880bb35b7b3f2bb1b'),
	('91766cc228e34269a65f0564ba956bd7','4d463414bc974236941a6a14dc53c73a'),
	('91766cc228e34269a65f0564ba956bd7','5'),
	('91766cc228e34269a65f0564ba956bd7','54afcfd125024b6eaeab9c5c3cea0009'),
	('91766cc228e34269a65f0564ba956bd7','56'),
	('91766cc228e34269a65f0564ba956bd7','57'),
	('91766cc228e34269a65f0564ba956bd7','58'),
	('91766cc228e34269a65f0564ba956bd7','59'),
	('91766cc228e34269a65f0564ba956bd7','5dfd09e5790b41388b8691ea9993eba5'),
	('91766cc228e34269a65f0564ba956bd7','6'),
	('91766cc228e34269a65f0564ba956bd7','62'),
	('91766cc228e34269a65f0564ba956bd7','63'),
	('91766cc228e34269a65f0564ba956bd7','64'),
	('91766cc228e34269a65f0564ba956bd7','65'),
	('91766cc228e34269a65f0564ba956bd7','6509eed6eb634030a46723a18814035c'),
	('91766cc228e34269a65f0564ba956bd7','66'),
	('91766cc228e34269a65f0564ba956bd7','67'),
	('91766cc228e34269a65f0564ba956bd7','68'),
	('91766cc228e34269a65f0564ba956bd7','68f9151151174868ab436e11e03bf548'),
	('91766cc228e34269a65f0564ba956bd7','69'),
	('91766cc228e34269a65f0564ba956bd7','7'),
	('91766cc228e34269a65f0564ba956bd7','70'),
	('91766cc228e34269a65f0564ba956bd7','70de7eac2f3e4632b1b7aa3cd536b35a'),
	('91766cc228e34269a65f0564ba956bd7','72'),
	('91766cc228e34269a65f0564ba956bd7','73'),
	('91766cc228e34269a65f0564ba956bd7','74'),
	('91766cc228e34269a65f0564ba956bd7','75'),
	('91766cc228e34269a65f0564ba956bd7','79'),
	('91766cc228e34269a65f0564ba956bd7','79f0ffa47dbe43ffa8824d97612d344f'),
	('91766cc228e34269a65f0564ba956bd7','79fca849d3da4a82a4ade3f6b9f45126'),
	('91766cc228e34269a65f0564ba956bd7','7bd4484bd13c441395e44ab86772da00'),
	('91766cc228e34269a65f0564ba956bd7','7ec930fe50fb41d0a9c7aeaa01804d16'),
	('91766cc228e34269a65f0564ba956bd7','8'),
	('91766cc228e34269a65f0564ba956bd7','80'),
	('91766cc228e34269a65f0564ba956bd7','81'),
	('91766cc228e34269a65f0564ba956bd7','82'),
	('91766cc228e34269a65f0564ba956bd7','83'),
	('91766cc228e34269a65f0564ba956bd7','84'),
	('91766cc228e34269a65f0564ba956bd7','86'),
	('91766cc228e34269a65f0564ba956bd7','87'),
	('91766cc228e34269a65f0564ba956bd7','88'),
	('91766cc228e34269a65f0564ba956bd7','89'),
	('91766cc228e34269a65f0564ba956bd7','8930e4aad1ba4a1c958d303968d8c442'),
	('91766cc228e34269a65f0564ba956bd7','9'),
	('91766cc228e34269a65f0564ba956bd7','90'),
	('91766cc228e34269a65f0564ba956bd7','95a6a82dc5fc4d07b46e5df57a0606a3'),
	('91766cc228e34269a65f0564ba956bd7','a4c3dcee6cbc4fc6a0bf617d8619edf3'),
	('91766cc228e34269a65f0564ba956bd7','a4cfc713c3c04c32a274fb59c71e34ed'),
	('91766cc228e34269a65f0564ba956bd7','af0a174b4f424bc09a8cc0db83a64105'),
	('91766cc228e34269a65f0564ba956bd7','afab2db430e2457f9cf3a11feaa8b869'),
	('91766cc228e34269a65f0564ba956bd7','b1f6d1b86ba24365bae7fd86c5082317'),
	('91766cc228e34269a65f0564ba956bd7','b9a776f5d7194406bb466388e3af9d08'),
	('91766cc228e34269a65f0564ba956bd7','ba8092291b40482db8fe7fc006ea3d76'),
	('91766cc228e34269a65f0564ba956bd7','c2e4d9082a0b4386884a0b203afe2c5c'),
	('91766cc228e34269a65f0564ba956bd7','c99753f4ad0a4a458337b255c3b49095'),
	('91766cc228e34269a65f0564ba956bd7','d15ec45a4c5449c3bbd7a61d5f9dd1d2'),
	('91766cc228e34269a65f0564ba956bd7','df7ce823c5b24ff9bada43d992f373e2'),
	('91766cc228e34269a65f0564ba956bd7','e2565667b9a745eb870debfd0830c46f'),
	('91766cc228e34269a65f0564ba956bd7','e3e131bb489f43dd865280e4f5932b6d'),
	('91766cc228e34269a65f0564ba956bd7','e4e64e24aa134deaa9d69c3b9495c997'),
	('91766cc228e34269a65f0564ba956bd7','ec7cf7a144a440cab217aabd4ffb7788'),
	('91766cc228e34269a65f0564ba956bd7','f34887a78fa245c1977603ca7dc98e11'),
	('91766cc228e34269a65f0564ba956bd7','f93f9a3a2226461dace3b8992cf055ba'),
	('91766cc228e34269a65f0564ba956bd7','f9fe62186f0a4d7eada6c6827de79b26'),
	('a74b7da6e0e0458298316798e89e70ea','0b2ebd4d639e4c2b83c2dd0764522f24'),
	('a74b7da6e0e0458298316798e89e70ea','0ca004d6b1bf4bcab9670a5060d82a55'),
	('a74b7da6e0e0458298316798e89e70ea','0fde32c6c8204f92a6846714821491f7'),
	('a74b7da6e0e0458298316798e89e70ea','1'),
	('a74b7da6e0e0458298316798e89e70ea','10'),
	('a74b7da6e0e0458298316798e89e70ea','11'),
	('a74b7da6e0e0458298316798e89e70ea','12'),
	('a74b7da6e0e0458298316798e89e70ea','13'),
	('a74b7da6e0e0458298316798e89e70ea','14'),
	('a74b7da6e0e0458298316798e89e70ea','15'),
	('a74b7da6e0e0458298316798e89e70ea','16'),
	('a74b7da6e0e0458298316798e89e70ea','17'),
	('a74b7da6e0e0458298316798e89e70ea','18'),
	('a74b7da6e0e0458298316798e89e70ea','19'),
	('a74b7da6e0e0458298316798e89e70ea','1dc794e30998444489db19eec02915c3'),
	('a74b7da6e0e0458298316798e89e70ea','20'),
	('a74b7da6e0e0458298316798e89e70ea','21'),
	('a74b7da6e0e0458298316798e89e70ea','22'),
	('a74b7da6e0e0458298316798e89e70ea','27'),
	('a74b7da6e0e0458298316798e89e70ea','29'),
	('a74b7da6e0e0458298316798e89e70ea','3'),
	('a74b7da6e0e0458298316798e89e70ea','30'),
	('a74b7da6e0e0458298316798e89e70ea','31'),
	('a74b7da6e0e0458298316798e89e70ea','32'),
	('a74b7da6e0e0458298316798e89e70ea','33'),
	('a74b7da6e0e0458298316798e89e70ea','34'),
	('a74b7da6e0e0458298316798e89e70ea','35'),
	('a74b7da6e0e0458298316798e89e70ea','36'),
	('a74b7da6e0e0458298316798e89e70ea','37'),
	('a74b7da6e0e0458298316798e89e70ea','38'),
	('a74b7da6e0e0458298316798e89e70ea','39'),
	('a74b7da6e0e0458298316798e89e70ea','3c92c17886944d0687e73e286cada573'),
	('a74b7da6e0e0458298316798e89e70ea','4'),
	('a74b7da6e0e0458298316798e89e70ea','40'),
	('a74b7da6e0e0458298316798e89e70ea','41'),
	('a74b7da6e0e0458298316798e89e70ea','42'),
	('a74b7da6e0e0458298316798e89e70ea','43'),
	('a74b7da6e0e0458298316798e89e70ea','44'),
	('a74b7da6e0e0458298316798e89e70ea','45'),
	('a74b7da6e0e0458298316798e89e70ea','46'),
	('a74b7da6e0e0458298316798e89e70ea','47'),
	('a74b7da6e0e0458298316798e89e70ea','48'),
	('a74b7da6e0e0458298316798e89e70ea','4855cf3b25c244fb8500a380db189d97'),
	('a74b7da6e0e0458298316798e89e70ea','49'),
	('a74b7da6e0e0458298316798e89e70ea','4d463414bc974236941a6a14dc53c73a'),
	('a74b7da6e0e0458298316798e89e70ea','5'),
	('a74b7da6e0e0458298316798e89e70ea','50'),
	('a74b7da6e0e0458298316798e89e70ea','51'),
	('a74b7da6e0e0458298316798e89e70ea','52'),
	('a74b7da6e0e0458298316798e89e70ea','53'),
	('a74b7da6e0e0458298316798e89e70ea','54'),
	('a74b7da6e0e0458298316798e89e70ea','55'),
	('a74b7da6e0e0458298316798e89e70ea','56'),
	('a74b7da6e0e0458298316798e89e70ea','57'),
	('a74b7da6e0e0458298316798e89e70ea','58'),
	('a74b7da6e0e0458298316798e89e70ea','59'),
	('a74b7da6e0e0458298316798e89e70ea','5e72ae5a7d56478c8db2a7975883f367'),
	('a74b7da6e0e0458298316798e89e70ea','6'),
	('a74b7da6e0e0458298316798e89e70ea','60'),
	('a74b7da6e0e0458298316798e89e70ea','61'),
	('a74b7da6e0e0458298316798e89e70ea','62'),
	('a74b7da6e0e0458298316798e89e70ea','63'),
	('a74b7da6e0e0458298316798e89e70ea','64'),
	('a74b7da6e0e0458298316798e89e70ea','65'),
	('a74b7da6e0e0458298316798e89e70ea','66'),
	('a74b7da6e0e0458298316798e89e70ea','67'),
	('a74b7da6e0e0458298316798e89e70ea','68'),
	('a74b7da6e0e0458298316798e89e70ea','69'),
	('a74b7da6e0e0458298316798e89e70ea','6d7e99b2edf44c96b8bbb9c1ef6dfe66'),
	('a74b7da6e0e0458298316798e89e70ea','7'),
	('a74b7da6e0e0458298316798e89e70ea','70'),
	('a74b7da6e0e0458298316798e89e70ea','70de7eac2f3e4632b1b7aa3cd536b35a'),
	('a74b7da6e0e0458298316798e89e70ea','72'),
	('a74b7da6e0e0458298316798e89e70ea','73'),
	('a74b7da6e0e0458298316798e89e70ea','74'),
	('a74b7da6e0e0458298316798e89e70ea','79'),
	('a74b7da6e0e0458298316798e89e70ea','7ec930fe50fb41d0a9c7aeaa01804d16'),
	('a74b7da6e0e0458298316798e89e70ea','8'),
	('a74b7da6e0e0458298316798e89e70ea','80'),
	('a74b7da6e0e0458298316798e89e70ea','81'),
	('a74b7da6e0e0458298316798e89e70ea','82'),
	('a74b7da6e0e0458298316798e89e70ea','84'),
	('a74b7da6e0e0458298316798e89e70ea','88'),
	('a74b7da6e0e0458298316798e89e70ea','89'),
	('a74b7da6e0e0458298316798e89e70ea','9'),
	('a74b7da6e0e0458298316798e89e70ea','90'),
	('a74b7da6e0e0458298316798e89e70ea','95a6a82dc5fc4d07b46e5df57a0606a3'),
	('a74b7da6e0e0458298316798e89e70ea','a4cfc713c3c04c32a274fb59c71e34ed'),
	('a74b7da6e0e0458298316798e89e70ea','af0a174b4f424bc09a8cc0db83a64105'),
	('a74b7da6e0e0458298316798e89e70ea','afab2db430e2457f9cf3a11feaa8b869'),
	('a74b7da6e0e0458298316798e89e70ea','b1f6d1b86ba24365bae7fd86c5082317'),
	('a74b7da6e0e0458298316798e89e70ea','ba8092291b40482db8fe7fc006ea3d76'),
	('a74b7da6e0e0458298316798e89e70ea','c2e4d9082a0b4386884a0b203afe2c5c'),
	('a74b7da6e0e0458298316798e89e70ea','d15ec45a4c5449c3bbd7a61d5f9dd1d2'),
	('a74b7da6e0e0458298316798e89e70ea','dcea8b88d08c4723878d372d2139448d'),
	('a74b7da6e0e0458298316798e89e70ea','df7ce823c5b24ff9bada43d992f373e2'),
	('a74b7da6e0e0458298316798e89e70ea','f9fe62186f0a4d7eada6c6827de79b26'),
	('caacf61017114120bcf7bf1049b6d4c3','0aa3712414d049a6a24e8bcddeae509a'),
	('caacf61017114120bcf7bf1049b6d4c3','1'),
	('caacf61017114120bcf7bf1049b6d4c3','10'),
	('caacf61017114120bcf7bf1049b6d4c3','11'),
	('caacf61017114120bcf7bf1049b6d4c3','12'),
	('caacf61017114120bcf7bf1049b6d4c3','14'),
	('caacf61017114120bcf7bf1049b6d4c3','15'),
	('caacf61017114120bcf7bf1049b6d4c3','16'),
	('caacf61017114120bcf7bf1049b6d4c3','17'),
	('caacf61017114120bcf7bf1049b6d4c3','18'),
	('caacf61017114120bcf7bf1049b6d4c3','19'),
	('caacf61017114120bcf7bf1049b6d4c3','20'),
	('caacf61017114120bcf7bf1049b6d4c3','21'),
	('caacf61017114120bcf7bf1049b6d4c3','22'),
	('caacf61017114120bcf7bf1049b6d4c3','27'),
	('caacf61017114120bcf7bf1049b6d4c3','29'),
	('caacf61017114120bcf7bf1049b6d4c3','2a0f940fbe304a05a6b4040ddf6df279'),
	('caacf61017114120bcf7bf1049b6d4c3','3'),
	('caacf61017114120bcf7bf1049b6d4c3','3c1c639c76f14f6f9903b0143371ea09'),
	('caacf61017114120bcf7bf1049b6d4c3','4'),
	('caacf61017114120bcf7bf1049b6d4c3','5'),
	('caacf61017114120bcf7bf1049b6d4c3','5239527958e94d418997b584b85d8b80'),
	('caacf61017114120bcf7bf1049b6d4c3','56'),
	('caacf61017114120bcf7bf1049b6d4c3','57'),
	('caacf61017114120bcf7bf1049b6d4c3','57f1f00d6cb14819bef388acd10e6f5a'),
	('caacf61017114120bcf7bf1049b6d4c3','58'),
	('caacf61017114120bcf7bf1049b6d4c3','59'),
	('caacf61017114120bcf7bf1049b6d4c3','6'),
	('caacf61017114120bcf7bf1049b6d4c3','6509eed6eb634030a46723a18814035c'),
	('caacf61017114120bcf7bf1049b6d4c3','67'),
	('caacf61017114120bcf7bf1049b6d4c3','68'),
	('caacf61017114120bcf7bf1049b6d4c3','68f9151151174868ab436e11e03bf548'),
	('caacf61017114120bcf7bf1049b6d4c3','6d3a6777693f47c98e9b3051cacbcfdb'),
	('caacf61017114120bcf7bf1049b6d4c3','7'),
	('caacf61017114120bcf7bf1049b6d4c3','79f0ffa47dbe43ffa8824d97612d344f'),
	('caacf61017114120bcf7bf1049b6d4c3','79fca849d3da4a82a4ade3f6b9f45126'),
	('caacf61017114120bcf7bf1049b6d4c3','8'),
	('caacf61017114120bcf7bf1049b6d4c3','84'),
	('caacf61017114120bcf7bf1049b6d4c3','8930e4aad1ba4a1c958d303968d8c442'),
	('caacf61017114120bcf7bf1049b6d4c3','8e01a74a9ca94a26a5263769c354afb9'),
	('caacf61017114120bcf7bf1049b6d4c3','9'),
	('caacf61017114120bcf7bf1049b6d4c3','91aa429a6cdc4a9b954d84ff1456934b'),
	('caacf61017114120bcf7bf1049b6d4c3','95a6a82dc5fc4d07b46e5df57a0606a3'),
	('caacf61017114120bcf7bf1049b6d4c3','9bc1aa1053144a608b73f6fbd841d1c6'),
	('caacf61017114120bcf7bf1049b6d4c3','9fdf5971a9e64fac8bbffec2825a5f97'),
	('caacf61017114120bcf7bf1049b6d4c3','a4c3dcee6cbc4fc6a0bf617d8619edf3'),
	('caacf61017114120bcf7bf1049b6d4c3','a7e276001e7c4b1096b143354fc75c8c'),
	('caacf61017114120bcf7bf1049b6d4c3','af0a174b4f424bc09a8cc0db83a64105'),
	('caacf61017114120bcf7bf1049b6d4c3','b9a776f5d7194406bb466388e3af9d08'),
	('caacf61017114120bcf7bf1049b6d4c3','c6e0080e06014abd9240f870aadf3200'),
	('caacf61017114120bcf7bf1049b6d4c3','de7c50d276454f80881c41a096ecf55c'),
	('caacf61017114120bcf7bf1049b6d4c3','e3b80fae59ab4b4099d8349ecaf8c4dc'),
	('caacf61017114120bcf7bf1049b6d4c3','ec7cf7a144a440cab217aabd4ffb7788'),
	('caacf61017114120bcf7bf1049b6d4c3','f18fac5c4e6145528f3c1d87dbcb37d5'),
	('caacf61017114120bcf7bf1049b6d4c3','f34887a78fa245c1977603ca7dc98e11'),
	('caacf61017114120bcf7bf1049b6d4c3','f93f9a3a2226461dace3b8992cf055ba'),
	('f6d2f215ed734cc09273928acab6e136','0b2ebd4d639e4c2b83c2dd0764522f24'),
	('f6d2f215ed734cc09273928acab6e136','0ca004d6b1bf4bcab9670a5060d82a55'),
	('f6d2f215ed734cc09273928acab6e136','0fde32c6c8204f92a6846714821491f7'),
	('f6d2f215ed734cc09273928acab6e136','1'),
	('f6d2f215ed734cc09273928acab6e136','10'),
	('f6d2f215ed734cc09273928acab6e136','11'),
	('f6d2f215ed734cc09273928acab6e136','12'),
	('f6d2f215ed734cc09273928acab6e136','13'),
	('f6d2f215ed734cc09273928acab6e136','14'),
	('f6d2f215ed734cc09273928acab6e136','15'),
	('f6d2f215ed734cc09273928acab6e136','16'),
	('f6d2f215ed734cc09273928acab6e136','17'),
	('f6d2f215ed734cc09273928acab6e136','18'),
	('f6d2f215ed734cc09273928acab6e136','19'),
	('f6d2f215ed734cc09273928acab6e136','1dc794e30998444489db19eec02915c3'),
	('f6d2f215ed734cc09273928acab6e136','20'),
	('f6d2f215ed734cc09273928acab6e136','21'),
	('f6d2f215ed734cc09273928acab6e136','22'),
	('f6d2f215ed734cc09273928acab6e136','27'),
	('f6d2f215ed734cc09273928acab6e136','29'),
	('f6d2f215ed734cc09273928acab6e136','3'),
	('f6d2f215ed734cc09273928acab6e136','30'),
	('f6d2f215ed734cc09273928acab6e136','31'),
	('f6d2f215ed734cc09273928acab6e136','32'),
	('f6d2f215ed734cc09273928acab6e136','33'),
	('f6d2f215ed734cc09273928acab6e136','34'),
	('f6d2f215ed734cc09273928acab6e136','35'),
	('f6d2f215ed734cc09273928acab6e136','36'),
	('f6d2f215ed734cc09273928acab6e136','37'),
	('f6d2f215ed734cc09273928acab6e136','38'),
	('f6d2f215ed734cc09273928acab6e136','39'),
	('f6d2f215ed734cc09273928acab6e136','3c92c17886944d0687e73e286cada573'),
	('f6d2f215ed734cc09273928acab6e136','4'),
	('f6d2f215ed734cc09273928acab6e136','40'),
	('f6d2f215ed734cc09273928acab6e136','41'),
	('f6d2f215ed734cc09273928acab6e136','42'),
	('f6d2f215ed734cc09273928acab6e136','43'),
	('f6d2f215ed734cc09273928acab6e136','44'),
	('f6d2f215ed734cc09273928acab6e136','45'),
	('f6d2f215ed734cc09273928acab6e136','46'),
	('f6d2f215ed734cc09273928acab6e136','47'),
	('f6d2f215ed734cc09273928acab6e136','48'),
	('f6d2f215ed734cc09273928acab6e136','4855cf3b25c244fb8500a380db189d97'),
	('f6d2f215ed734cc09273928acab6e136','49'),
	('f6d2f215ed734cc09273928acab6e136','4d463414bc974236941a6a14dc53c73a'),
	('f6d2f215ed734cc09273928acab6e136','5'),
	('f6d2f215ed734cc09273928acab6e136','50'),
	('f6d2f215ed734cc09273928acab6e136','51'),
	('f6d2f215ed734cc09273928acab6e136','52'),
	('f6d2f215ed734cc09273928acab6e136','53'),
	('f6d2f215ed734cc09273928acab6e136','54'),
	('f6d2f215ed734cc09273928acab6e136','55'),
	('f6d2f215ed734cc09273928acab6e136','56'),
	('f6d2f215ed734cc09273928acab6e136','57'),
	('f6d2f215ed734cc09273928acab6e136','58'),
	('f6d2f215ed734cc09273928acab6e136','59'),
	('f6d2f215ed734cc09273928acab6e136','6'),
	('f6d2f215ed734cc09273928acab6e136','60'),
	('f6d2f215ed734cc09273928acab6e136','61'),
	('f6d2f215ed734cc09273928acab6e136','62'),
	('f6d2f215ed734cc09273928acab6e136','63'),
	('f6d2f215ed734cc09273928acab6e136','64'),
	('f6d2f215ed734cc09273928acab6e136','65'),
	('f6d2f215ed734cc09273928acab6e136','66'),
	('f6d2f215ed734cc09273928acab6e136','67'),
	('f6d2f215ed734cc09273928acab6e136','68'),
	('f6d2f215ed734cc09273928acab6e136','69'),
	('f6d2f215ed734cc09273928acab6e136','6d7e99b2edf44c96b8bbb9c1ef6dfe66'),
	('f6d2f215ed734cc09273928acab6e136','7'),
	('f6d2f215ed734cc09273928acab6e136','70'),
	('f6d2f215ed734cc09273928acab6e136','72'),
	('f6d2f215ed734cc09273928acab6e136','73'),
	('f6d2f215ed734cc09273928acab6e136','74'),
	('f6d2f215ed734cc09273928acab6e136','79'),
	('f6d2f215ed734cc09273928acab6e136','8'),
	('f6d2f215ed734cc09273928acab6e136','80'),
	('f6d2f215ed734cc09273928acab6e136','81'),
	('f6d2f215ed734cc09273928acab6e136','82'),
	('f6d2f215ed734cc09273928acab6e136','84'),
	('f6d2f215ed734cc09273928acab6e136','88'),
	('f6d2f215ed734cc09273928acab6e136','89'),
	('f6d2f215ed734cc09273928acab6e136','9'),
	('f6d2f215ed734cc09273928acab6e136','90'),
	('f6d2f215ed734cc09273928acab6e136','af0a174b4f424bc09a8cc0db83a64105'),
	('f6d2f215ed734cc09273928acab6e136','afab2db430e2457f9cf3a11feaa8b869'),
	('f6d2f215ed734cc09273928acab6e136','b1f6d1b86ba24365bae7fd86c5082317'),
	('f6d2f215ed734cc09273928acab6e136','ba8092291b40482db8fe7fc006ea3d76'),
	('f6d2f215ed734cc09273928acab6e136','c2e4d9082a0b4386884a0b203afe2c5c'),
	('f6d2f215ed734cc09273928acab6e136','d15ec45a4c5449c3bbd7a61d5f9dd1d2'),
	('f6d2f215ed734cc09273928acab6e136','dcea8b88d08c4723878d372d2139448d'),
	('f6d2f215ed734cc09273928acab6e136','df7ce823c5b24ff9bada43d992f373e2');

/*!40000 ALTER TABLE `sys_role_menu` ENABLE KEYS */;
UNLOCK TABLES;


# Dump of table sys_role_office
# ------------------------------------------------------------

DROP TABLE IF EXISTS `sys_role_office`;

CREATE TABLE `sys_role_office` (
  `role_id` varchar(64) NOT NULL COMMENT '角色编号',
  `office_id` varchar(64) NOT NULL COMMENT '机构编号',
  PRIMARY KEY (`role_id`,`office_id`)
) ENGINE=InnoDB DEFAULT CHARSET=utf8 COMMENT='角色-机构';

LOCK TABLES `sys_role_office` WRITE;
/*!40000 ALTER TABLE `sys_role_office` DISABLE KEYS */;

INSERT INTO `sys_role_office` (`role_id`, `office_id`)
VALUES
	('7','10'),
	('7','11'),
	('7','12'),
	('7','13'),
	('7','14'),
	('7','15'),
	('7','16'),
	('7','17'),
	('7','18'),
	('7','19'),
	('7','20'),
	('7','21'),
	('7','22'),
	('7','23'),
	('7','24'),
	('7','25'),
	('7','26'),
	('7','7'),
	('7','8'),
	('7','9');

/*!40000 ALTER TABLE `sys_role_office` ENABLE KEYS */;
UNLOCK TABLES;


# Dump of table sys_user
# ------------------------------------------------------------

DROP TABLE IF EXISTS `sys_user`;

CREATE TABLE `sys_user` (
  `id` varchar(64) NOT NULL COMMENT '编号',
  `company_id` varchar(64) DEFAULT NULL COMMENT '归属公司',
  `office_id` varchar(64) DEFAULT NULL COMMENT '归属部门',
  `login_name` varchar(100) DEFAULT NULL COMMENT '登录名',
  `password` varchar(100) DEFAULT NULL COMMENT '密码',
  `no` varchar(100) DEFAULT NULL COMMENT '工号',
  `name` varchar(100) DEFAULT NULL COMMENT '姓名',
  `email` varchar(200) DEFAULT NULL COMMENT '邮箱',
  `phone` varchar(200) DEFAULT NULL COMMENT '电话',
  `mobile` varchar(200) DEFAULT NULL COMMENT '手机',
  `user_type` char(1) DEFAULT NULL COMMENT '用户类型',
  `photo` varchar(1000) DEFAULT NULL COMMENT '用户头像',
  `login_ip` varchar(100) DEFAULT NULL COMMENT '最后登陆IP',
  `login_date` datetime DEFAULT NULL COMMENT '最后登陆时间',
  `login_flag` varchar(64) DEFAULT NULL COMMENT '是否可登录',
  `create_by` varchar(64) DEFAULT NULL COMMENT '创建者',
  `create_date` datetime DEFAULT NULL COMMENT '创建时间',
  `update_by` varchar(64) DEFAULT NULL COMMENT '更新者',
  `update_date` datetime DEFAULT NULL COMMENT '更新时间',
  `remarks` varchar(255) DEFAULT NULL COMMENT '备注信息',
  `del_flag` char(1) DEFAULT '0' COMMENT '删除标记',
  `qrcode` varchar(1000) DEFAULT NULL COMMENT '二维码',
  PRIMARY KEY (`id`),
  KEY `sys_user_office_id` (`office_id`),
  KEY `sys_user_login_name` (`login_name`),
  KEY `sys_user_company_id` (`company_id`),
  KEY `sys_user_update_date` (`update_date`),
  KEY `sys_user_del_flag` (`del_flag`)
) ENGINE=InnoDB DEFAULT CHARSET=utf8 COMMENT='用户表';

LOCK TABLES `sys_user` WRITE;
/*!40000 ALTER TABLE `sys_user` DISABLE KEYS */;

INSERT INTO `sys_user` (`id`, `company_id`, `office_id`, `login_name`, `password`, `no`, `name`, `email`, `phone`, `mobile`, `user_type`, `photo`, `login_ip`, `login_date`, `login_flag`, `create_by`, `create_date`, `update_by`, `update_date`, `remarks`, `del_flag`, `qrcode`)
VALUES
	('0fb8ebbff20a46029596806aa077d3c2','1','5','fbb','b079bd73139e94813a98e05bf48c42b86d0dcddd20ff9f10175255e4','003','测试1','','','','1','/msframe/static/images/default_avatar.png','0:0:0:0:0:0:0:1','2016-03-19 21:53:52','1','1','2016-02-24 23:25:41','1','2016-04-21 22:42:31','','0','/msframe/userfiles/0fb8ebbff20a46029596806aa077d3c2/qrcode/0fb8ebbff20a46029596806aa077d3c2.png'),
	('1','1','5','admin','d6a33a2456338a88acec133487d38ccf163abb4575b368b074e327ee','13815874603','admin','123@163.com','','13916317287','','/baseframe/userfiles/1/images/xgt-9.jpeg','0:0:0:0:0:0:0:1','2019-07-12 13:51:02','1','1','2013-05-27 08:00:00','1','2019-07-11 19:22:44','超级管理员','0','/msframe/userfiles/1/qrcode/test.png'),
	('13','22','23','gx_admin','02a3f0772fcca9f415adc990734b45c6f059c7d33ee28362c4852032','0013','测试2',NULL,NULL,NULL,NULL,'/msframe/static/images/default_avatar.png',NULL,NULL,'1','1','2013-05-27 08:00:00','1','2013-05-27 08:00:00',NULL,'1',NULL),
	('1e8149b33e774daa9a250f5a1a0ad23f','1','4','dzq','8bb66a13cffc3a080c7946ef9949bfd3f6efd7729e2fb29cbcb5b877','006','测试3','','','','','/msframe/static/images/default_avatar.png',NULL,NULL,'1','1','2016-02-24 23:27:47','1','2017-05-07 15:56:14','','0','/bmsframe/userfiles/1e8149b33e774daa9a250f5a1a0ad23f/qrcode/1e8149b33e774daa9a250f5a1a0ad23f.png'),
	('7374fe91d19a4b739ae649334c0cc273','1','5','lxr','c9f28950ad9fd72b41589b1a70cd4eb7c9774aed4e6fae6c0086264a','004','测试4','','','','','/msframe/static/images/default_avatar.png',NULL,NULL,'1','1','2016-02-24 23:26:20','1','2016-04-21 22:42:15','','0','/msframe/userfiles/7374fe91d19a4b739ae649334c0cc273/qrcode/7374fe91d19a4b739ae649334c0cc273.png'),
	('89edde68a05d48b8a2b8279b8397ae62','1','5','jc','27f0a02315d8be543ae8ad7925f56417f5743d5d8e1743a8e9110cdb','00001','江船','','','','3','','0:0:0:0:0:0:0:1','2017-07-06 10:59:29','1','1','2017-07-06 10:59:17','1','2017-07-06 10:59:17','','0',NULL),
	('f7cc1c7e6f494818adffe1de5f2282fb','1','5','zw','2bc28ed674f9fd7480fcdb97337ea831b97aa2b9e134b1b4ffc2e266','002','测试5','','','','','/msframe/static/images/default_avatar.png','0:0:0:0:0:0:0:1','2016-02-24 23:33:51','1','1','2016-02-24 23:24:58','1','2016-04-21 22:42:45','','0','/msframe/userfiles/f7cc1c7e6f494818adffe1de5f2282fb/qrcode/f7cc1c7e6f494818adffe1de5f2282fb.png');

/*!40000 ALTER TABLE `sys_user` ENABLE KEYS */;
UNLOCK TABLES;


# Dump of table sys_user_role
# ------------------------------------------------------------

DROP TABLE IF EXISTS `sys_user_role`;

CREATE TABLE `sys_user_role` (
  `user_id` varchar(64) NOT NULL COMMENT '用户编号',
  `role_id` varchar(64) NOT NULL COMMENT '角色编号',
  PRIMARY KEY (`user_id`,`role_id`)
) ENGINE=InnoDB DEFAULT CHARSET=utf8 COMMENT='用户-角色';

LOCK TABLES `sys_user_role` WRITE;
/*!40000 ALTER TABLE `sys_user_role` DISABLE KEYS */;

INSERT INTO `sys_user_role` (`user_id`, `role_id`)
VALUES
	('0f7017853ec24648872e01fe9c930969','caacf61017114120bcf7bf1049b6d4c3'),
	('0fb8ebbff20a46029596806aa077d3c2','1c54e003c1fc4dcd9b087ef8d48abac3'),
	('1','1c54e003c1fc4dcd9b087ef8d48abac3'),
	('1','caacf61017114120bcf7bf1049b6d4c3'),
	('10','f6d2f215ed734cc09273928acab6e136'),
	('11','1c54e003c1fc4dcd9b087ef8d48abac3'),
	('12','f6d2f215ed734cc09273928acab6e136'),
	('13','5'),
	('14','6'),
	('19e655ebcd844747aa0e46efe9870169','1c54e003c1fc4dcd9b087ef8d48abac3'),
	('19e655ebcd844747aa0e46efe9870169','5'),
	('19e655ebcd844747aa0e46efe9870169','91766cc228e34269a65f0564ba956bd7'),
	('19e655ebcd844747aa0e46efe9870169','caacf61017114120bcf7bf1049b6d4c3'),
	('1e8149b33e774daa9a250f5a1a0ad23f','1c54e003c1fc4dcd9b087ef8d48abac3'),
	('2','f6d2f215ed734cc09273928acab6e136'),
	('3','caacf61017114120bcf7bf1049b6d4c3'),
	('3','f6d2f215ed734cc09273928acab6e136'),
	('3f7ef2d4761f445e946413ab9bea23db','1c54e003c1fc4dcd9b087ef8d48abac3'),
	('4','caacf61017114120bcf7bf1049b6d4c3'),
	('42f5435f943a4e8cbcd86ec07b1d922a','caacf61017114120bcf7bf1049b6d4c3'),
	('4639f877ec7149258cadcf145b4182a7','1c54e003c1fc4dcd9b087ef8d48abac3'),
	('4639f877ec7149258cadcf145b4182a7','caacf61017114120bcf7bf1049b6d4c3'),
	('5','f6d2f215ed734cc09273928acab6e136'),
	('5091ca619fbf49209bce020859103ba5','1c54e003c1fc4dcd9b087ef8d48abac3'),
	('5091ca619fbf49209bce020859103ba5','caacf61017114120bcf7bf1049b6d4c3'),
	('51938e17b432476bbe489a2c523183a4','caacf61017114120bcf7bf1049b6d4c3'),
	('5ad0d1f9efdc44b481b02c26b67e832e','1c54e003c1fc4dcd9b087ef8d48abac3'),
	('5ad0d1f9efdc44b481b02c26b67e832e','caacf61017114120bcf7bf1049b6d4c3'),
	('5b61eb41f80f43c5b8e485866178f63d','1c54e003c1fc4dcd9b087ef8d48abac3'),
	('6','f6d2f215ed734cc09273928acab6e136'),
	('6474fda3f35c4d1580b646a42f190cf7','1c54e003c1fc4dcd9b087ef8d48abac3'),
	('6d69972a880f4228b88f28254c3e417e','1c54e003c1fc4dcd9b087ef8d48abac3'),
	('6d89ce6771a447e39f7b93892735ef85','caacf61017114120bcf7bf1049b6d4c3'),
	('7','1c54e003c1fc4dcd9b087ef8d48abac3'),
	('7','caacf61017114120bcf7bf1049b6d4c3'),
	('7374fe91d19a4b739ae649334c0cc273','1c54e003c1fc4dcd9b087ef8d48abac3'),
	('8','caacf61017114120bcf7bf1049b6d4c3'),
	('89edde68a05d48b8a2b8279b8397ae62','caacf61017114120bcf7bf1049b6d4c3'),
	('8b454376c0434e2792a1dc57edf80dbd','1c54e003c1fc4dcd9b087ef8d48abac3'),
	('9','1c54e003c1fc4dcd9b087ef8d48abac3'),
	('9','caacf61017114120bcf7bf1049b6d4c3'),
	('95b3b09fa0b34ac6b95907237c744c55','1c54e003c1fc4dcd9b087ef8d48abac3'),
	('a68dfe143da9485b9b6c0335c3a70618','1c54e003c1fc4dcd9b087ef8d48abac3'),
	('a68dfe143da9485b9b6c0335c3a70618','caacf61017114120bcf7bf1049b6d4c3'),
	('a91be50880744e4787a77e0f97f8dbb5','03fcd9c5c28948eb827fcd3b852494a6'),
	('a91be50880744e4787a77e0f97f8dbb5','1c54e003c1fc4dcd9b087ef8d48abac3'),
	('a91be50880744e4787a77e0f97f8dbb5','caacf61017114120bcf7bf1049b6d4c3'),
	('a91be50880744e4787a77e0f97f8dbb5','f6d2f215ed734cc09273928acab6e136'),
	('b702d2acf9424655a581b380fe8217f3','caacf61017114120bcf7bf1049b6d4c3'),
	('bb81a0c098a444e69028380e80852d91','1c54e003c1fc4dcd9b087ef8d48abac3'),
	('bb81a0c098a444e69028380e80852d91','caacf61017114120bcf7bf1049b6d4c3'),
	('cb359e3089224f97adae46cf03c0ed94','caacf61017114120bcf7bf1049b6d4c3'),
	('d355e9e6b4ad48a59fa0a983e8b7b583','1c54e003c1fc4dcd9b087ef8d48abac3'),
	('d42378c9621b4551a0c4c63c82f0aa33','1c54e003c1fc4dcd9b087ef8d48abac3'),
	('d42378c9621b4551a0c4c63c82f0aa33','91766cc228e34269a65f0564ba956bd7'),
	('d42378c9621b4551a0c4c63c82f0aa33','caacf61017114120bcf7bf1049b6d4c3'),
	('d8de25a1f872404e82f669c04091685e','caacf61017114120bcf7bf1049b6d4c3'),
	('da60c61cf2aa4cb2810c629c7045c538','91766cc228e34269a65f0564ba956bd7'),
	('dc9663e71aaa42f0a2634770896ec74c','1c54e003c1fc4dcd9b087ef8d48abac3'),
	('dc9663e71aaa42f0a2634770896ec74c','caacf61017114120bcf7bf1049b6d4c3'),
	('eca1a51b803449d59ce4e2a3b0f4f787','1c54e003c1fc4dcd9b087ef8d48abac3'),
	('eca1a51b803449d59ce4e2a3b0f4f787','caacf61017114120bcf7bf1049b6d4c3'),
	('f12330474f634e2897878e8f56a910ae','1c54e003c1fc4dcd9b087ef8d48abac3'),
	('f7cc1c7e6f494818adffe1de5f2282fb','1c54e003c1fc4dcd9b087ef8d48abac3');

/*!40000 ALTER TABLE `sys_user_role` ENABLE KEYS */;
UNLOCK TABLES;


# Dump of table systemconfig
# ------------------------------------------------------------

DROP TABLE IF EXISTS `systemconfig`;

CREATE TABLE `systemconfig` (
  `id` varchar(64) NOT NULL DEFAULT '' COMMENT '主键',
  `smtp` varchar(64) DEFAULT NULL COMMENT '邮箱服务器地址',
  `port` varchar(64) DEFAULT NULL COMMENT '邮箱服务器端口',
  `mailname` varchar(64) DEFAULT NULL COMMENT '系统邮箱地址',
  `mailpassword` varchar(64) DEFAULT NULL COMMENT '系统邮箱密码',
  `smsname` varchar(64) DEFAULT NULL COMMENT '短信用户名',
  `smspassword` varchar(64) DEFAULT NULL COMMENT '短信密码',
  PRIMARY KEY (`id`)
) ENGINE=InnoDB DEFAULT CHARSET=utf8mb4 COMMENT='系统配置';

LOCK TABLES `systemconfig` WRITE;
/*!40000 ALTER TABLE `systemconfig` DISABLE KEYS */;

INSERT INTO `systemconfig` (`id`, `smtp`, `port`, `mailname`, `mailpassword`, `smsname`, `smspassword`)
VALUES
	('1','smtp.qq.com','22','sys@163.com','123456','xxxxx1','123456');

/*!40000 ALTER TABLE `systemconfig` ENABLE KEYS */;
UNLOCK TABLES;



/*!40111 SET SQL_NOTES=@OLD_SQL_NOTES */;
/*!40101 SET SQL_MODE=@OLD_SQL_MODE */;
/*!40014 SET FOREIGN_KEY_CHECKS=@OLD_FOREIGN_KEY_CHECKS */;
/*!40101 SET CHARACTER_SET_CLIENT=@OLD_CHARACTER_SET_CLIENT */;
/*!40101 SET CHARACTER_SET_RESULTS=@OLD_CHARACTER_SET_RESULTS */;
/*!40101 SET COLLATION_CONNECTION=@OLD_COLLATION_CONNECTION */;
